fips,county,state,living_wage_single_adult
01001,Autauga,AL,$11.18
01003,Baldwin,AL,$12.33
01005,Barbour,AL,$10.65
01007,Bibb,AL,$12.00
01009,Blount,AL,$12.00
01011,Bullock,AL,$10.60
01013,Butler,AL,$10.47
01015,Calhoun,AL,$10.37
01017,Chambers,AL,$10.43
01019,Cherokee,AL,$10.47
01021,Chilton,AL,$10.76
01023,Choctaw,AL,$10.64
01025,Clarke,AL,$10.60
01027,Clay,AL,$10.88
01029,Cleburne,AL,$10.47
01031,Coffee,AL,$11.01
01033,Colbert,AL,$10.85
01035,Conecuh,AL,$10.48
01037,Coosa,AL,$10.70
01039,Covington,AL,$10.55
01041,Crenshaw,AL,$10.47
01043,Cullman,AL,$10.63
01045,Dale,AL,$10.50
01047,Dallas,AL,$10.70
01049,De Kalb,AL,$10.54
01051,Elmore,AL,$11.18
01053,Escambia,AL,$10.60
01055,Etowah,AL,$10.63
01057,Fayette,AL,$10.60
01059,Franklin,AL,$10.60
01061,Geneva,AL,$10.75
01063,Greene,AL,$10.60
01065,Hale,AL,$11.69
01067,Henry,AL,$10.60
01069,Houston,AL,$10.75
01071,Jackson,AL,$10.24
01073,Jefferson,AL,$12.00
01075,Lamar,AL,$10.60
01077,Lauderdale,AL,$10.85
01079,Lawrence,AL,$10.31
01081,Lee,AL,$10.96
01083,Limestone,AL,$11.21
01085,Lowndes,AL,$11.18
01087,Macon,AL,$10.47
01089,Madison,AL,$11.21
01091,Marengo,AL,$10.60
01093,Marion,AL,$10.47
01095,Marshall,AL,$10.54
01097,Mobile,AL,$11.81
01099,Monroe,AL,$10.60
01101,Montgomery,AL,$11.18
01103,Morgan,AL,$10.31
01105,Perry,AL,$10.88
01107,Pickens,AL,$10.50
01109,Pike,AL,$10.53
01111,Randolph,AL,$10.04
01113,Russell,AL,$11.59
01115,St Clair,AL,$12.00
01117,Shelby,AL,$12.00
01119,Sumter,AL,$11.02
01121,Talladega,AL,$10.68
01123,Tallapoosa,AL,$10.79
01125,Tuscaloosa,AL,$11.69
01127,Walker,AL,$10.64
01129,Washington,AL,$10.62
01131,Wilcox,AL,$10.60
01133,Winston,AL,$10.47
02013,Aleutians East,AK,$12.11
02016,Aleutians West,AK,$13.89
02020,Anchorage,AK,$13.01
02050,Bethel,AK,$14.46
02060,Bristol Bay,AK,$12.67
02068,Denali,AK,$13.87
02070,Dillingham,AK,$13.49
02090,Fairbanks North Star,AK,$12.62
02100,Haines,AK,$11.62
02110,Juneau,AK,$13.05
02122,Kenai Peninsula,AK,$12.51
02130,Ketchikan Gateway,AK,$12.51
02150,Kodiak Island,AK,$13.17
02164,Lake and Peninsula,AK,$11.05
02170,Matanuska-Susitna,AK,$11.94
02180,Nome,AK,$13.65
02185,North Slope,AK,$13.55
02188,Northwest Arctic,AK,$14.32
02201,Prince of Wales-Outer Ketchikan,AK,NA
02220,Sitka,AK,$12.92
02232,Skagway-Hoonah-Angoon,AK,NA
02240,Southeast Fairbanks,AK,$12.65
02261,Valdez-Cordova,AK,$12.11
02270,Wade Hampton,AK,NA
02280,Wrangell-Petersburg,AK,NA
02282,Yakutat,AK,$12.38
02290,Yukon-Koyukuk,AK,$10.54
04001,Apache,AZ,$10.88
04003,Cochise,AZ,$11.59
04005,Coconino,AZ,$13.30
04007,Gila,AZ,$11.79
04009,Graham,AZ,$11.45
04011,Greenlee,AZ,$10.86
04012,La Paz,AZ,$11.38
04013,Maricopa,AZ,$12.29
04015,Mohave,AZ,$11.05
04017,Navajo,AZ,$11.44
04019,Pima,AZ,$11.21
04021,Pinal,AZ,$12.29
04023,Santa Cruz,AZ,$11.06
04025,Yavapai,AZ,$12.11
04027,Yuma,AZ,$11.11
05001,Arkansas,AR,$10.30
05003,Ashley,AR,$10.30
05005,Baxter,AR,$10.34
05007,Benton,AR,$10.74
05009,Boone,AR,$10.31
05011,Bradley,AR,$9.94
05013,Calhoun,AR,$10.43
05015,Carroll,AR,$10.40
05017,Chicot,AR,$10.30
05019,Clark,AR,$10.31
05021,Clay,AR,$10.30
05023,Cleburne,AR,$10.55
05025,Cleveland,AR,$10.59
05027,Columbia,AR,$10.19
05029,Conway,AR,$10.28
05031,Craighead,AR,$10.47
05033,Crawford,AR,$10.40
05035,Crittenden,AR,$11.47
05037,Cross,AR,$10.60
05039,Dallas,AR,$10.30
05041,Desha,AR,$10.30
05043,Drew,AR,$10.30
05045,Faulkner,AR,$11.20
05047,Franklin,AR,$10.32
05049,Fulton,AR,$10.30
05051,Garland,AR,$10.76
05053,Grant,AR,$10.55
05055,Greene,AR,$10.53
05057,Hempstead,AR,$10.32
05059,Hot Spring,AR,$10.36
05061,Howard,AR,$9.99
05063,Independence,AR,$10.35
05065,Izard,AR,$10.30
05067,Jackson,AR,$10.01
05069,Jefferson,AR,$10.59
05071,Johnson,AR,$10.45
05073,Lafayette,AR,$10.30
05075,Lawrence,AR,$10.30
05077,Lee,AR,$10.30
05079,Lincoln,AR,$10.59
05081,Little River,AR,$10.17
05083,Logan,AR,$10.30
05085,Lonoke,AR,$11.20
05087,Madison,AR,$10.74
05089,Marion,AR,$10.11
05091,Miller,AR,$10.88
05093,Mississippi,AR,$10.04
05095,Monroe,AR,$10.30
05097,Montgomery,AR,$10.35
05099,Nevada,AR,$10.79
05101,Newton,AR,$10.30
05103,Ouachita,AR,$10.56
05105,Perry,AR,$11.20
05107,Phillips,AR,$10.30
05109,Pike,AR,$10.78
05111,Poinsett,AR,$10.35
05113,Polk,AR,$10.19
05115,Pope,AR,$10.59
05117,Prairie,AR,$10.30
05119,Pulaski,AR,$11.20
05121,Randolph,AR,$10.30
05123,St Francis,AR,$10.05
05125,Saline,AR,$11.20
05127,Scott,AR,$10.35
05129,Searcy,AR,$10.30
05131,Sebastian,AR,$10.40
05133,Sevier,AR,$9.89
05135,Sharp,AR,$9.89
05137,Stone,AR,$10.30
05139,Union,AR,$10.78
05141,Van Buren,AR,$10.30
05143,Washington,AR,$10.74
05145,White,AR,$10.49
05147,Woodruff,AR,$9.96
05149,Yell,AR,$10.25
06001,Alameda,CA,$16.48
06003,Alpine,CA,$11.54
06005,Amador,CA,$12.57
06007,Butte,CA,$12.53
06009,Calaveras,CA,$11.38
06011,Colusa,CA,$11.22
06013,Contra Costa,CA,$16.48
06015,Del Norte,CA,$11.45
06017,El Dorado,CA,$12.83
06019,Fresno,CA,$11.61
06021,Glenn,CA,$10.96
06023,Humboldt,CA,$11.59
06025,Imperial,CA,$11.25
06027,Inyo,CA,$12.30
06029,Kern,CA,$11.82
06031,Kings,CA,$12.34
06033,Lake,CA,$11.28
06035,Lassen,CA,$11.01
06037,Los Angeles,CA,$14.83
06039,Madera,CA,$12.26
06041,Marin,CA,$20.82
06043,Mariposa,CA,$11.57
06045,Mendocino,CA,$12.10
06047,Merced,CA,$11.03
06049,Modoc,CA,$10.35
06051,Mono,CA,$12.50
06053,Monterey,CA,$14.38
06055,Napa,CA,$14.42
06057,Nevada,CA,$12.34
06059,Orange,CA,$16.52
06061,Placer,CA,$12.83
06063,Plumas,CA,$11.25
06065,Riverside,CA,$12.65
06067,Sacramento,CA,$12.83
06069,San Benito,CA,$15.86
06071,San Bernardino,CA,$12.65
06073,San Diego,CA,$16.57
06075,San Francisco,CA,$20.82
06077,San Joaquin,CA,$11.84
06079,San Luis Obispo,CA,$14.18
06081,San Mateo,CA,$20.82
06083,Santa Barbara,CA,$16.45
06085,Santa Clara,CA,$20.05
06087,Santa Cruz,CA,$17.52
06089,Shasta,CA,$11.55
06091,Sierra,CA,$13.01
06093,Siskiyou,CA,$10.77
06095,Solano,CA,$13.68
06097,Sonoma,CA,$15.47
06099,Stanislaus,CA,$11.97
06101,Sutter,CA,$11.63
06103,Tehama,CA,$11.16
06105,Trinity,CA,$11.00
06107,Tulare,CA,$11.79
06109,Tuolumne,CA,$11.56
06111,Ventura,CA,$14.80
06113,Yolo,CA,$13.49
06115,Yuba,CA,$11.63
08001,Adams,CO,$14.26
08003,Alamosa,CO,$11.84
08005,Arapahoe,CO,$14.26
08007,Archuleta,CO,$12.44
08009,Baca,CO,$11.41
08011,Bent,CO,$11.59
08013,Boulder,CO,$14.92
08015,Chaffee,CO,$11.17
08017,Cheyenne,CO,NA
08019,Clear Creek,CO,$14.26
08021,Conejos,CO,$11.17
08023,Costilla,CO,$11.19
08025,Crowley,CO,$11.73
08027,Custer,CO,$11.35
08029,Delta,CO,$12.10
08031,Denver,CO,$14.26
08033,Dolores,CO,$11.41
08035,Douglas,CO,$14.26
08037,Eagle,CO,$13.54
08039,Elbert,CO,$14.26
08041,El Paso,CO,$11.99
08043,Fremont,CO,$11.55
08045,Garfield,CO,$13.36
08047,Gilpin,CO,$14.26
08049,Grand,CO,$11.97
08051,Gunnison,CO,$12.42
08053,Hinsdale,CO,$11.36
08055,Huerfano,CO,$11.48
08057,Jackson,CO,$12.03
08059,Jefferson,CO,$14.26
08061,Kiowa,CO,$12.14
08063,Kit Carson,CO,$11.15
08065,Lake,CO,$12.38
08067,La Plata,CO,$12.96
08069,Larimer,CO,$13.36
08071,Las Animas,CO,$11.67
08073,Lincoln,CO,$11.38
08075,Logan,CO,$11.81
08077,Mesa,CO,$11.33
08079,Mineral,CO,$12.14
08081,Moffat,CO,$12.03
08083,Montezuma,CO,$11.56
08085,Montrose,CO,$11.84
08087,Morgan,CO,$11.19
08089,Otero,CO,$11.42
08091,Ouray,CO,$12.54
08093,Park,CO,$14.26
08095,Phillips,CO,$11.13
08097,Pitkin,CO,$14.78
08099,Prowers,CO,$11.41
08101,Pueblo,CO,$11.81
08103,Rio Blanco,CO,$11.88
08105,Rio Grande,CO,$11.41
08107,Routt,CO,$13.85
08109,Saguache,CO,$10.95
08111,San Juan,CO,$13.14
08113,San Miguel,CO,$13.67
08115,Sedgwick,CO,$10.95
08117,Summit,CO,$14.72
08119,Teller,CO,$12.00
08121,Washington,CO,$11.50
08123,Weld,CO,$11.82
08125,Yuma,CO,$10.97
09001,Fairfield,CT,$14.39
09003,Hartford,CT,$12.63
09005,Litchfield,CT,$12.40
09007,Middlesex,CT,$13.02
09009,New Haven,CT,$13.74
09011,New London,CT,$12.86
09013,Tolland,CT,$12.63
09015,Windham,CT,$12.67
10001,Kent,DE,$12.87
10003,New Castle,DE,$12.78
10005,Sussex,DE,$11.91
11001,Washington,DC,$16.92
12001,Alachua,FL,$11.48
12003,Baker,FL,$10.14
12005,Bay,FL,$11.95
12007,Bradford,FL,$10.80
12009,Brevard,FL,$11.14
12011,Broward,FL,$13.16
12013,Calhoun,FL,$10.80
12015,Charlotte,FL,$11.88
12017,Citrus,FL,$10.99
12019,Clay,FL,$11.07
12021,Collier,FL,$12.53
12023,Columbia,FL,$10.94
12027,De Soto,FL,$10.58
12029,Dixie,FL,$10.80
12031,Duval,FL,$11.07
12033,Escambia,FL,$12.11
12035,Flagler,FL,$13.03
12037,Franklin,FL,$11.11
12039,Gadsden,FL,$11.70
12041,Gilchrist,FL,$11.48
12043,Glades,FL,$10.76
12045,Gulf,FL,$11.49
12047,Hamilton,FL,$10.80
12049,Hardee,FL,$10.80
12051,Hendry,FL,$11.19
12053,Hernando,FL,$12.57
12055,Highlands,FL,$10.47
12057,Hillsborough,FL,$12.57
12059,Holmes,FL,$10.36
12061,Indian River,FL,$10.98
12063,Jackson,FL,$9.85
12065,Jefferson,FL,$11.70
12067,Lafayette,FL,$10.80
12069,Lake,FL,$13.05
12071,Lee,FL,$12.02
12073,Leon,FL,$11.70
12075,Levy,FL,$10.36
12077,Liberty,FL,$10.80
12079,Madison,FL,$10.01
12081,Manatee,FL,$12.25
12083,Marion,FL,$11.07
12085,Martin,FL,$12.54
12086,Miami-Dade,FL,$13.17
12087,Monroe,FL,$13.85
12089,Nassau,FL,$11.07
12091,Okaloosa,FL,$12.49
12093,Okeechobee,FL,$11.20
12095,Orange,FL,$13.05
12097,Osceola,FL,$13.05
12099,Palm Beach,FL,$13.18
12101,Pasco,FL,$12.57
12103,Pinellas,FL,$12.57
12105,Polk,FL,$11.54
12107,Putnam,FL,$10.88
12109,St Johns,FL,$11.07
12111,St Lucie,FL,$12.54
12113,Santa Rosa,FL,$12.11
12115,Sarasota,FL,$12.25
12117,Seminole,FL,$13.05
12119,Sumter,FL,$11.03
12121,Suwannee,FL,$10.80
12123,Taylor,FL,$10.80
12125,Union,FL,$10.80
12127,Volusia,FL,$11.52
12129,Wakulla,FL,$10.90
12131,Walton,FL,$11.52
12133,Washington,FL,$10.34
13001,Appling,GA,$10.91
13003,Atkinson,GA,$10.73
13005,Bacon,GA,$11.08
13007,Baker,GA,$11.11
13009,Baldwin,GA,$11.55
13011,Banks,GA,$11.25
13013,Barrow,GA,$13.66
13015,Bartow,GA,$13.66
13017,Ben Hill,GA,$10.73
13019,Berrien,GA,$10.73
13021,Bibb,GA,$10.89
13023,Bleckley,GA,$10.91
13025,Brantley,GA,$11.63
13027,Brooks,GA,$10.97
13029,Bryan,GA,$12.90
13031,Bulloch,GA,$10.95
13033,Burke,GA,$12.01
13035,Butts,GA,$11.92
13037,Calhoun,GA,$10.73
13039,Camden,GA,$12.13
13043,Candler,GA,$10.73
13045,Carroll,GA,$13.66
13047,Catoosa,GA,$11.31
13049,Charlton,GA,$10.91
13051,Chatham,GA,$12.90
13053,Chattahoochee,GA,$11.69
13055,Chattooga,GA,$10.73
13057,Cherokee,GA,$13.66
13059,Clarke,GA,$11.56
13061,Clay,GA,$10.73
13063,Clayton,GA,$13.66
13065,Clinch,GA,$10.91
13067,Cobb,GA,$13.66
13069,Coffee,GA,$11.16
13071,Colquitt,GA,$10.93
13073,Columbia,GA,$12.01
13075,Cook,GA,$10.91
13077,Coweta,GA,$13.66
13079,Crawford,GA,$10.89
13081,Crisp,GA,$10.91
13083,Dade,GA,$11.31
13085,Dawson,GA,$13.66
13087,Decatur,GA,$10.79
13089,De Kalb,GA,$13.66
13091,Dodge,GA,$10.75
13093,Dooly,GA,$11.07
13095,Dougherty,GA,$11.11
13097,Douglas,GA,$13.66
13099,Early,GA,$10.62
13101,Echols,GA,$10.97
13103,Effingham,GA,$12.90
13105,Elbert,GA,$10.95
13107,Emanuel,GA,$10.94
13109,Evans,GA,$10.91
13111,Fannin,GA,$11.50
13113,Fayette,GA,$13.66
13115,Floyd,GA,$11.23
13117,Forsyth,GA,$13.66
13119,Franklin,GA,$10.25
13121,Fulton,GA,$13.66
13123,Gilmer,GA,$11.35
13125,Glascock,GA,$10.89
13127,Glynn,GA,$11.63
13129,Gordon,GA,$10.41
13131,Grady,GA,$11.21
13133,Greene,GA,$11.25
13135,Gwinnett,GA,$13.66
13137,Habersham,GA,$10.96
13139,Hall,GA,$12.12
13141,Hancock,GA,$10.73
13143,Haralson,GA,$11.98
13145,Harris,GA,$11.69
13147,Hart,GA,$10.73
13149,Heard,GA,$13.66
13151,Henry,GA,$13.66
13153,Houston,GA,$11.83
13155,Irwin,GA,$10.91
13157,Jackson,GA,$11.27
13159,Jasper,GA,$13.66
13161,Jeff Davis,GA,$10.91
13163,Jefferson,GA,$10.73
13165,Jenkins,GA,$10.91
13167,Johnson,GA,$11.16
13169,Jones,GA,$10.89
13171,Lamar,GA,$11.39
13173,Lanier,GA,$10.97
13175,Laurens,GA,$10.99
13177,Lee,GA,$11.11
13179,Liberty,GA,$12.00
13181,Lincoln,GA,$11.06
13183,Long,GA,$11.00
13185,Lowndes,GA,$10.97
13187,Lumpkin,GA,$11.60
13189,McDuffie,GA,$12.01
13191,McIntosh,GA,$11.63
13193,Macon,GA,$10.73
13195,Madison,GA,$11.56
13197,Marion,GA,$11.69
13199,Meriwether,GA,$11.20
13201,Miller,GA,$11.16
13205,Mitchell,GA,$11.06
13207,Monroe,GA,$10.79
13209,Montgomery,GA,$11.16
13211,Morgan,GA,$12.33
13213,Murray,GA,$10.95
13215,Muscogee,GA,$11.69
13217,Newton,GA,$13.66
13219,Oconee,GA,$11.56
13221,Oglethorpe,GA,$11.56
13223,Paulding,GA,$13.66
13225,Peach,GA,$11.15
13227,Pickens,GA,$13.66
13229,Pierce,GA,$11.16
13231,Pike,GA,$13.66
13233,Polk,GA,$11.12
13235,Pulaski,GA,$10.74
13237,Putnam,GA,$11.80
13239,Quitman,GA,$10.91
13241,Rabun,GA,$11.02
13243,Randolph,GA,$11.01
13245,Richmond,GA,$12.01
13247,Rockdale,GA,$13.66
13249,Schley,GA,$10.73
13251,Screven,GA,$10.73
13253,Seminole,GA,$10.73
13255,Spalding,GA,$13.66
13257,Stephens,GA,$10.73
13259,Stewart,GA,$10.73
13261,Sumter,GA,$11.00
13263,Talbot,GA,$10.92
13265,Taliaferro,GA,$11.36
13267,Tattnall,GA,$11.16
13269,Taylor,GA,$10.77
13271,Telfair,GA,$10.73
13273,Terrell,GA,$11.11
13275,Thomas,GA,$11.37
13277,Tift,GA,$10.87
13279,Toombs,GA,$10.60
13281,Towns,GA,$11.35
13283,Treutlen,GA,$10.73
13285,Troup,GA,$11.54
13287,Turner,GA,$10.91
13289,Twiggs,GA,$10.89
13291,Union,GA,$10.97
13293,Upson,GA,$10.43
13295,Walker,GA,$11.31
13297,Walton,GA,$13.66
13299,Ware,GA,$10.25
13301,Warren,GA,$10.73
13303,Washington,GA,$11.16
13305,Wayne,GA,$10.73
13307,Webster,GA,$10.93
13309,Wheeler,GA,$10.91
13311,White,GA,$11.27
13313,Whitfield,GA,$11.12
13315,Wilcox,GA,$11.16
13317,Wilkes,GA,$10.85
13319,Wilkinson,GA,$10.91
13321,Worth,GA,$11.11
15001,Hawaii,HI,$13.14
15003,Honolulu,HI,$16.59
15007,Kauai,HI,$13.92
15009,Maui,HI,$15.25
16001,Ada,ID,$11.16
16003,Adams,ID,$10.77
16005,Bannock,ID,$10.44
16007,Bear Lake,ID,$10.77
16009,Benewah,ID,$10.90
16011,Bingham,ID,$10.84
16013,Blaine,ID,$11.91
16015,Boise,ID,$11.16
16017,Bonner,ID,$11.09
16019,Bonneville,ID,$10.61
16021,Boundary,ID,$10.77
16023,Butte,ID,$10.70
16025,Camas,ID,$10.77
16027,Canyon,ID,$11.16
16029,Caribou,ID,$10.77
16031,Cassia,ID,$10.77
16033,Clark,ID,$10.77
16035,Clearwater,ID,$10.96
16037,Custer,ID,$10.88
16039,Elmore,ID,$11.06
16041,Franklin,ID,$10.44
16043,Fremont,ID,$10.93
16045,Gem,ID,$10.88
16047,Gooding,ID,$10.77
16049,Idaho,ID,$10.77
16051,Jefferson,ID,$10.61
16053,Jerome,ID,$10.95
16055,Kootenai,ID,$11.62
16057,Latah,ID,$10.93
16059,Lemhi,ID,$10.77
16061,Lewis,ID,$10.77
16063,Lincoln,ID,$10.87
16065,Madison,ID,$11.56
16067,Minidoka,ID,$10.77
16069,Nez Perce,ID,$10.89
16071,Oneida,ID,$10.77
16073,Owyhee,ID,$11.16
16075,Payette,ID,$10.96
16077,Power,ID,$11.29
16079,Shoshone,ID,$10.77
16081,Teton,ID,$11.91
16083,Twin Falls,ID,$10.71
16085,Valley,ID,$11.12
16087,Washington,ID,$10.77
17001,Adams,IL,$11.24
17003,Alexander,IL,$11.28
17005,Bond,IL,$10.90
17007,Boone,IL,$11.03
17009,Brown,IL,$12.53
17011,Bureau,IL,$10.73
17013,Calhoun,IL,$11.76
17015,Carroll,IL,$10.69
17017,Cass,IL,$10.89
17019,Champaign,IL,$12.04
17021,Christian,IL,$11.03
17023,Clark,IL,$10.69
17025,Clay,IL,$10.69
17027,Clinton,IL,$11.76
17029,Coles,IL,$10.93
17031,Cook,IL,$13.60
17033,Crawford,IL,$10.69
17035,Cumberland,IL,$10.53
17037,De Kalb,IL,$11.82
17039,De Witt,IL,$11.28
17041,Douglas,IL,$10.69
17043,Du Page,IL,$13.60
17045,Edgar,IL,$10.69
17047,Edwards,IL,$10.69
17049,Effingham,IL,$11.09
17051,Fayette,IL,$10.79
17053,Ford,IL,$12.04
17055,Franklin,IL,$11.16
17057,Fulton,IL,$10.84
17059,Gallatin,IL,$10.69
17061,Greene,IL,$10.69
17063,Grundy,IL,$13.12
17065,Hamilton,IL,$10.69
17067,Hancock,IL,$10.55
17069,Hardin,IL,$10.69
17071,Henderson,IL,$10.57
17073,Henry,IL,$11.24
17075,Iroquois,IL,$11.13
17077,Jackson,IL,$10.59
17079,Jasper,IL,$10.69
17081,Jefferson,IL,$10.64
17083,Jersey,IL,$11.76
17085,Jo Daviess,IL,$10.81
17087,Johnson,IL,$10.69
17089,Kane,IL,$13.60
17091,Kankakee,IL,$11.43
17093,Kendall,IL,$13.68
17095,Knox,IL,$10.53
17097,Lake,IL,$13.60
17099,La Salle,IL,$10.90
17101,Lawrence,IL,$11.05
17103,Lee,IL,$10.79
17105,Livingston,IL,$10.59
17107,Logan,IL,$10.82
17109,McDonough,IL,$10.76
17111,McHenry,IL,$13.60
17113,McLean,IL,$11.43
17115,Macon,IL,$10.70
17117,Macoupin,IL,$10.74
17119,Madison,IL,$11.76
17121,Marion,IL,$10.62
17123,Marshall,IL,$11.35
17125,Mason,IL,$10.90
17127,Massac,IL,$11.13
17129,Menard,IL,$11.35
17131,Mercer,IL,$11.24
17133,Monroe,IL,$11.76
17135,Montgomery,IL,$11.02
17137,Morgan,IL,$10.64
17139,Moultrie,IL,$11.03
17141,Ogle,IL,$10.82
17143,Peoria,IL,$11.35
17145,Perry,IL,$10.69
17147,Piatt,IL,$12.04
17149,Pike,IL,$10.69
17151,Pope,IL,$10.69
17153,Pulaski,IL,$11.48
17155,Putnam,IL,$10.93
17157,Randolph,IL,$10.79
17159,Richland,IL,$11.02
17161,Rock Island,IL,$11.24
17163,St Clair,IL,$11.76
17165,Saline,IL,$10.53
17167,Sangamon,IL,$11.35
17169,Schuyler,IL,$10.69
17171,Scott,IL,$10.69
17173,Shelby,IL,$10.69
17175,Stark,IL,$11.35
17177,Stephenson,IL,$10.62
17179,Tazewell,IL,$11.35
17181,Union,IL,$10.53
17183,Vermilion,IL,$10.66
17185,Wabash,IL,$10.69
17187,Warren,IL,$10.70
17189,Washington,IL,$11.22
17191,Wayne,IL,$10.69
17193,White,IL,$10.53
17195,Whiteside,IL,$10.96
17197,Will,IL,$13.60
17199,Williamson,IL,$11.04
17201,Winnebago,IL,$11.03
17203,Woodford,IL,$11.35
18001,Adams,IN,$10.42
18003,Allen,IN,$10.68
18005,Bartholomew,IN,$11.95
18007,Benton,IN,$11.31
18009,Blackford,IN,$10.42
18011,Boone,IN,$11.55
18013,Brown,IN,$11.55
18015,Carroll,IN,$10.64
18017,Cass,IN,$10.18
18019,Clark,IN,$11.23
18021,Clay,IN,$10.67
18023,Clinton,IN,$10.23
18025,Crawford,IN,$10.42
18027,Daviess,IN,$10.42
18029,Dearborn,IN,$11.11
18031,Decatur,IN,$10.87
18033,De Kalb,IN,$10.54
18035,Delaware,IN,$10.93
18037,Dubois,IN,$10.74
18039,Elkhart,IN,$10.70
18041,Fayette,IN,$10.42
18043,Floyd,IN,$11.23
18045,Fountain,IN,$10.62
18047,Franklin,IN,$10.26
18049,Fulton,IN,$10.42
18051,Gibson,IN,$11.12
18053,Grant,IN,$10.56
18055,Greene,IN,$10.38
18057,Hamilton,IN,$11.55
18059,Hancock,IN,$11.55
18061,Harrison,IN,$11.23
18063,Hendricks,IN,$11.55
18065,Henry,IN,$10.51
18067,Howard,IN,$10.84
18069,Huntington,IN,$10.47
18071,Jackson,IN,$10.67
18073,Jasper,IN,$11.40
18075,Jay,IN,$10.42
18077,Jefferson,IN,$10.96
18079,Jennings,IN,$10.58
18081,Johnson,IN,$11.55
18083,Knox,IN,$10.82
18085,Kosciusko,IN,$10.75
18087,La Grange,IN,$10.42
18089,Lake,IN,$11.15
18091,La Porte,IN,$10.54
18093,Lawrence,IN,$10.39
18095,Madison,IN,$10.61
18097,Marion,IN,$11.55
18099,Marshall,IN,$10.58
18101,Martin,IN,$10.42
18103,Miami,IN,$10.42
18105,Monroe,IN,$11.85
18107,Montgomery,IN,$10.64
18109,Morgan,IN,$11.55
18111,Newton,IN,$11.15
18113,Noble,IN,$10.42
18115,Ohio,IN,$11.11
18117,Orange,IN,$10.42
18119,Owen,IN,$10.97
18121,Parke,IN,$10.49
18123,Perry,IN,$10.42
18125,Pike,IN,$10.18
18127,Porter,IN,$11.15
18129,Posey,IN,$10.99
18131,Pulaski,IN,$10.42
18133,Putnam,IN,$10.98
18135,Randolph,IN,$10.42
18137,Ripley,IN,$10.19
18139,Rush,IN,$10.42
18141,St Joseph,IN,$10.76
18143,Scott,IN,$11.06
18145,Shelby,IN,$11.55
18147,Spencer,IN,$10.18
18149,Starke,IN,$10.43
18151,Steuben,IN,$10.68
18153,Sullivan,IN,$10.68
18155,Switzerland,IN,$10.42
18157,Tippecanoe,IN,$11.31
18159,Tipton,IN,$10.81
18161,Union,IN,$10.47
18163,Vanderburgh,IN,$10.99
18165,Vermillion,IN,$10.67
18167,Vigo,IN,$10.67
18169,Wabash,IN,$10.57
18171,Warren,IN,$10.50
18173,Warrick,IN,$10.99
18175,Washington,IN,$10.51
18177,Wayne,IN,$10.31
18179,Wells,IN,$10.68
18181,White,IN,$10.43
18183,Whitley,IN,$10.68
19001,Adair,IA,$10.61
19003,Adams,IA,$10.61
19005,Allamakee,IA,$10.61
19007,Appanoose,IA,$10.61
19009,Audubon,IA,$10.61
19011,Benton,IA,$10.88
19013,Black Hawk,IA,$11.09
19015,Boone,IA,$10.86
19017,Bremer,IA,$10.70
19019,Buchanan,IA,$10.74
19021,Buena Vista,IA,$10.36
19023,Butler,IA,$10.61
19025,Calhoun,IA,$10.61
19027,Carroll,IA,$10.72
19029,Cass,IA,$10.61
19031,Cedar,IA,$10.88
19033,Cerro Gordo,IA,$10.59
19035,Cherokee,IA,$10.61
19037,Chickasaw,IA,$10.61
19039,Clarke,IA,$10.98
19041,Clay,IA,$10.61
19043,Clayton,IA,$10.49
19045,Clinton,IA,$10.82
19047,Crawford,IA,$10.61
19049,Dallas,IA,$11.48
19051,Davis,IA,$10.74
19053,Decatur,IA,$10.72
19055,Delaware,IA,$10.61
19057,Des Moines,IA,$10.61
19059,Dickinson,IA,$10.90
19061,Dubuque,IA,$10.79
19063,Emmet,IA,$10.61
19065,Fayette,IA,$10.61
19067,Floyd,IA,$10.61
19069,Franklin,IA,$10.61
19071,Fremont,IA,$10.61
19073,Greene,IA,$10.61
19075,Grundy,IA,$11.09
19077,Guthrie,IA,$11.48
19079,Hamilton,IA,$10.77
19081,Hancock,IA,$10.61
19083,Hardin,IA,$10.61
19085,Harrison,IA,$11.54
19087,Henry,IA,$11.15
19089,Howard,IA,$10.61
19091,Humboldt,IA,$10.61
19093,Ida,IA,$10.61
19095,Iowa,IA,$10.61
19097,Jackson,IA,$10.61
19099,Jasper,IA,$10.67
19101,Jefferson,IA,$10.59
19103,Johnson,IA,$11.47
19105,Jones,IA,$10.25
19107,Keokuk,IA,$10.61
19109,Kossuth,IA,$10.61
19111,Lee,IA,$10.31
19113,Linn,IA,$10.88
19115,Louisa,IA,$10.60
19117,Lucas,IA,$11.08
19119,Lyon,IA,$10.61
19121,Madison,IA,$11.48
19123,Mahaska,IA,$10.78
19125,Marion,IA,$11.07
19127,Marshall,IA,$10.51
19129,Mills,IA,$11.54
19131,Mitchell,IA,$10.61
19133,Monona,IA,$10.72
19135,Monroe,IA,$10.74
19137,Montgomery,IA,$10.61
19139,Muscatine,IA,$11.05
19141,O Brien,IA,$10.61
19143,Osceola,IA,$10.61
19145,Page,IA,$10.61
19147,Palo Alto,IA,$10.61
19149,Plymouth,IA,$10.25
19151,Pocahontas,IA,$10.61
19153,Polk,IA,$11.48
19155,Pottawattamie,IA,$11.54
19157,Poweshiek,IA,$10.84
19159,Ringgold,IA,$10.61
19161,Sac,IA,$10.61
19163,Scott,IA,$11.10
19165,Shelby,IA,$10.69
19167,Sioux,IA,$10.62
19169,Story,IA,$11.84
19171,Tama,IA,$10.67
19173,Taylor,IA,$10.32
19175,Union,IA,$10.61
19177,Van Buren,IA,$10.61
19179,Wapello,IA,$10.53
19181,Warren,IA,$11.48
19183,Washington,IA,$10.75
19185,Wayne,IA,$10.61
19187,Webster,IA,$10.84
19189,Winnebago,IA,$10.61
19191,Winneshiek,IA,$10.61
19193,Woodbury,IA,$10.91
19195,Worth,IA,$10.61
19197,Wright,IA,$10.25
20001,Allen,KS,$10.49
20003,Anderson,KS,$10.39
20005,Atchison,KS,$10.55
20007,Barber,KS,$10.39
20009,Barton,KS,$10.39
20011,Bourbon,KS,$10.19
20013,Brown,KS,$10.39
20015,Butler,KS,$10.50
20017,Chase,KS,$10.39
20019,Chautauqua,KS,$10.73
20021,Cherokee,KS,$10.39
20023,Cheyenne,KS,$10.39
20025,Clark,KS,$10.73
20027,Clay,KS,$11.04
20029,Cloud,KS,$10.39
20031,Coffey,KS,$10.39
20033,Comanche,KS,$10.39
20035,Cowley,KS,$10.39
20037,Crawford,KS,$10.65
20039,Decatur,KS,$10.39
20041,Dickinson,KS,$10.04
20043,Doniphan,KS,$10.66
20045,Douglas,KS,$11.46
20047,Edwards,KS,$10.39
20049,Elk,KS,$10.39
20051,Ellis,KS,$10.50
20053,Ellsworth,KS,$10.39
20055,Finney,KS,$10.86
20057,Ford,KS,$10.70
20059,Franklin,KS,$10.65
20061,Geary,KS,$11.92
20063,Gove,KS,$10.39
20065,Graham,KS,$10.39
20067,Grant,KS,$10.39
20069,Gray,KS,$10.39
20071,Greeley,KS,$10.46
20073,Greenwood,KS,$10.39
20075,Hamilton,KS,$10.44
20077,Harper,KS,$10.39
20079,Harvey,KS,$10.50
20081,Haskell,KS,$11.16
20083,Hodgeman,KS,$10.39
20085,Jackson,KS,$10.74
20087,Jefferson,KS,$10.74
20089,Jewell,KS,$10.39
20091,Johnson,KS,$11.38
20093,Kearny,KS,$10.39
20095,Kingman,KS,$10.01
20097,Kiowa,KS,$10.01
20099,Labette,KS,$10.01
20101,Lane,KS,$10.39
20103,Leavenworth,KS,$11.38
20105,Lincoln,KS,$10.39
20107,Linn,KS,$11.38
20109,Logan,KS,$10.39
20111,Lyon,KS,$10.06
20113,McPherson,KS,$10.64
20115,Marion,KS,$10.39
20117,Marshall,KS,$10.39
20119,Meade,KS,$10.39
20121,Miami,KS,$11.38
20123,Mitchell,KS,$10.39
20125,Montgomery,KS,$10.36
20127,Morris,KS,$10.39
20129,Morton,KS,$10.39
20131,Nemaha,KS,$10.39
20133,Neosho,KS,$10.39
20135,Ness,KS,$10.39
20137,Norton,KS,$10.39
20139,Osage,KS,$10.74
20141,Osborne,KS,$10.39
20143,Ottawa,KS,$10.46
20145,Pawnee,KS,$10.46
20147,Phillips,KS,$10.39
20149,Pottawatomie,KS,$11.92
20151,Pratt,KS,$10.66
20153,Rawlins,KS,$10.39
20155,Reno,KS,$10.25
20157,Republic,KS,$10.39
20159,Rice,KS,$10.39
20161,Riley,KS,$11.92
20163,Rooks,KS,$10.39
20165,Rush,KS,$10.39
20167,Russell,KS,$10.39
20169,Saline,KS,$10.64
20171,Scott,KS,$10.58
20173,Sedgwick,KS,$10.50
20175,Seward,KS,$10.23
20177,Shawnee,KS,$10.74
20179,Sheridan,KS,$10.39
20181,Sherman,KS,$10.68
20183,Smith,KS,$10.39
20185,Stafford,KS,$10.39
20187,Stanton,KS,$10.39
20189,Stevens,KS,$10.60
20191,Sumner,KS,$10.11
20193,Thomas,KS,$10.39
20195,Trego,KS,$10.39
20197,Wabaunsee,KS,$10.74
20199,Wallace,KS,$10.39
20201,Washington,KS,$10.39
20203,Wichita,KS,$10.39
20205,Wilson,KS,$10.39
20207,Woodson,KS,$10.39
20209,Wyandotte,KS,$11.38
21001,Adair,KY,$10.42
21003,Allen,KY,$10.62
21005,Anderson,KY,$10.88
21007,Ballard,KY,$10.57
21009,Barren,KY,$10.16
21011,Bath,KY,$10.48
21013,Bell,KY,$10.57
21015,Boone,KY,$11.30
21017,Bourbon,KY,$11.51
21019,Boyd,KY,$10.80
21021,Boyle,KY,$10.72
21023,Bracken,KY,$11.30
21025,Breathitt,KY,$10.37
21027,Breckinridge,KY,$10.51
21029,Bullitt,KY,$11.41
21031,Butler,KY,$10.51
21033,Caldwell,KY,$10.37
21035,Calloway,KY,$10.32
21037,Campbell,KY,$11.30
21039,Carlisle,KY,$10.53
21041,Carroll,KY,$10.63
21043,Carter,KY,$10.37
21045,Casey,KY,$10.37
21047,Christian,KY,$11.16
21049,Clark,KY,$11.51
21051,Clay,KY,$10.37
21053,Clinton,KY,$10.37
21055,Crittenden,KY,$10.37
21057,Cumberland,KY,$10.26
21059,Daviess,KY,$10.98
21061,Edmonson,KY,$11.42
21063,Elliott,KY,$10.43
21065,Estill,KY,$10.37
21067,Fayette,KY,$11.51
21069,Fleming,KY,$10.37
21071,Floyd,KY,$10.77
21073,Franklin,KY,$11.02
21075,Fulton,KY,$10.51
21077,Gallatin,KY,$11.30
21079,Garrard,KY,$10.57
21081,Grant,KY,$11.60
21083,Graves,KY,$10.37
21085,Grayson,KY,$10.37
21087,Green,KY,$10.37
21089,Greenup,KY,$10.80
21091,Hancock,KY,$10.98
21093,Hardin,KY,$11.03
21095,Harlan,KY,$10.62
21097,Harrison,KY,$10.37
21099,Hart,KY,$10.37
21101,Henderson,KY,$11.17
21103,Henry,KY,$11.41
21105,Hickman,KY,$10.37
21107,Hopkins,KY,$10.41
21109,Jackson,KY,$10.37
21111,Jefferson,KY,$11.41
21113,Jessamine,KY,$11.51
21115,Johnson,KY,$10.37
21117,Kenton,KY,$11.30
21119,Knott,KY,$10.37
21121,Knox,KY,$10.37
21123,Larue,KY,$11.03
21125,Laurel,KY,$10.48
21127,Lawrence,KY,$10.37
21129,Lee,KY,$10.37
21131,Leslie,KY,$10.57
21133,Letcher,KY,$10.40
21135,Lewis,KY,$10.37
21137,Lincoln,KY,$10.37
21139,Livingston,KY,$10.37
21141,Logan,KY,$10.39
21143,Lyon,KY,$10.37
21145,McCracken,KY,$10.53
21147,McCreary,KY,$10.37
21149,McLean,KY,$10.98
21151,Madison,KY,$10.61
21153,Magoffin,KY,$10.37
21155,Marion,KY,$10.42
21157,Marshall,KY,$11.29
21159,Martin,KY,$10.37
21161,Mason,KY,$10.41
21163,Meade,KY,$10.59
21165,Menifee,KY,$10.37
21167,Mercer,KY,$10.51
21169,Metcalfe,KY,$10.37
21171,Monroe,KY,$10.37
21173,Montgomery,KY,$10.74
21175,Morgan,KY,$10.57
21177,Muhlenberg,KY,$10.37
21179,Nelson,KY,$10.74
21181,Nicholas,KY,$10.37
21183,Ohio,KY,$10.37
21185,Oldham,KY,$11.41
21187,Owen,KY,$10.41
21189,Owsley,KY,$10.37
21191,Pendleton,KY,$11.30
21193,Perry,KY,$10.37
21195,Pike,KY,$10.68
21197,Powell,KY,$10.37
21199,Pulaski,KY,$10.14
21201,Robertson,KY,$10.60
21203,Rockcastle,KY,$10.51
21205,Rowan,KY,$10.75
21207,Russell,KY,$10.80
21209,Scott,KY,$11.51
21211,Shelby,KY,$11.26
21213,Simpson,KY,$10.72
21215,Spencer,KY,$11.41
21217,Taylor,KY,$10.69
21219,Todd,KY,$10.47
21221,Trigg,KY,$11.16
21223,Trimble,KY,$11.41
21225,Union,KY,$10.57
21227,Warren,KY,$11.42
21229,Washington,KY,$10.50
21231,Wayne,KY,$10.37
21233,Webster,KY,$10.37
21235,Whitley,KY,$10.37
21237,Wolfe,KY,$10.37
21239,Woodford,KY,$11.51
22001,Acadia,LA,$10.30
22003,Allen,LA,$10.66
22005,Ascension,LA,$11.98
22007,Assumption,LA,$10.98
22009,Avoyelles,LA,$10.07
22011,Beauregard,LA,$10.78
22013,Bienville,LA,$10.78
22015,Bossier,LA,$11.09
22017,Caddo,LA,$11.09
22019,Calcasieu,LA,$11.11
22021,Caldwell,LA,$10.78
22023,Cameron,LA,$11.11
22025,Catahoula,LA,$10.41
22027,Claiborne,LA,$10.59
22029,Concordia,LA,$10.54
22031,De Soto,LA,$11.09
22033,East Baton Rouge,LA,$11.98
22035,East Carroll,LA,$10.43
22037,East Feliciana,LA,$11.98
22039,Evangeline,LA,$10.52
22041,Franklin,LA,$10.41
22043,Grant,LA,$10.53
22045,Iberia,LA,$11.14
22047,Iberville,LA,$10.93
22049,Jackson,LA,$10.78
22051,Jefferson,LA,$12.01
22053,Jefferson Davis,LA,$10.84
22055,Lafayette,LA,$11.29
22057,Lafourche,LA,$11.62
22059,La Salle,LA,$10.41
22061,Lincoln,LA,$11.28
22063,Livingston,LA,$11.98
22065,Madison,LA,$10.41
22067,Morehouse,LA,$10.78
22069,Natchitoches,LA,$10.78
22071,Orleans,LA,$12.01
22073,Ouachita,LA,$11.03
22075,Plaquemines,LA,$12.01
22077,Pointe Coupee,LA,$11.98
22079,Rapides,LA,$10.53
22081,Red River,LA,$10.88
22083,Richland,LA,$10.41
22085,Sabine,LA,$10.53
22087,St Bernard,LA,$12.01
22089,St Charles,LA,$12.01
22091,St Helena,LA,$11.98
22093,St James,LA,$10.56
22095,St John the Baptist,LA,$12.01
22097,St Landry,LA,$10.62
22099,St Martin,LA,$11.29
22101,St Mary,LA,$11.18
22103,St Tammany,LA,$12.01
22105,Tangipahoa,LA,$11.47
22107,Tensas,LA,$10.54
22109,Terrebonne,LA,$11.62
22111,Union,LA,$11.03
22113,Vermilion,LA,$10.64
22115,Vernon,LA,$11.44
22117,Washington,LA,$10.78
22119,Webster,LA,$10.24
22121,West Baton Rouge,LA,$11.98
22123,West Carroll,LA,$10.41
22125,West Feliciana,LA,$11.98
22127,Winn,LA,$10.66
23001,Androscoggin,ME,$11.85
23003,Aroostook,ME,$11.22
23005,Cumberland,ME,$13.59
23007,Franklin,ME,$11.51
23009,Hancock,ME,$12.41
23011,Kennebec,ME,$12.01
23013,Knox,ME,$12.32
23015,Lincoln,ME,$12.59
23017,Oxford,ME,$11.99
23019,Penobscot,ME,$11.89
23021,Piscataquis,ME,$11.37
23023,Sagadahoc,ME,$12.24
23025,Somerset,ME,$11.33
23027,Waldo,ME,$12.30
23029,Washington,ME,$11.67
23031,York,ME,$13.26
24001,Allegany,MD,$10.91
24003,Anne Arundel,MD,$13.21
24005,Baltimore,MD,$13.21
24009,Calvert,MD,$16.84
24011,Caroline,MD,$12.31
24013,Carroll,MD,$13.21
24015,Cecil,MD,$13.06
24017,Charles,MD,$16.84
24019,Dorchester,MD,$12.50
24021,Frederick,MD,$16.84
24023,Garrett,MD,$10.64
24025,Harford,MD,$13.21
24027,Howard,MD,$13.21
24029,Kent,MD,$12.74
24031,Montgomery,MD,$16.84
24033,Prince Georges,MD,$16.84
24035,Queen Annes,MD,$13.21
24037,St Marys,MD,$13.29
24039,Somerset,MD,$11.17
24041,Talbot,MD,$13.04
24043,Washington,MD,$11.62
24045,Wicomico,MD,$12.24
24047,Worcester,MD,$12.31
24510,Baltimore City,MD,$13.21
25001,Barnstable,MA,$13.67
25003,Berkshire,MA,$12.76
25005,Bristol,MA,$12.55
25007,Dukes,MA,$14.44
25009,Essex,MA,$16.48
25011,Franklin,MA,$12.96
25013,Hampden,MA,$11.85
25015,Hampshire,MA,$11.85
25017,Middlesex,MA,$17.10
25019,Nantucket,MA,$15.28
25021,Norfolk,MA,$17.67
25023,Plymouth,MA,$15.83
25025,Suffolk,MA,$17.81
25027,Worcester,MA,$12.84
26001,Alcona,MI,$11.23
26003,Alger,MI,$10.60
26005,Allegan,MI,$11.61
26007,Alpena,MI,$11.13
26009,Antrim,MI,$10.35
26011,Arenac,MI,$10.60
26013,Baraga,MI,$10.60
26015,Barry,MI,$11.56
26017,Bay,MI,$10.64
26019,Benzie,MI,$11.06
26021,Berrien,MI,$10.87
26023,Branch,MI,$11.05
26025,Calhoun,MI,$10.58
26027,Cass,MI,$10.77
26029,Charlevoix,MI,$10.92
26031,Cheboygan,MI,$10.60
26033,Chippewa,MI,$10.52
26035,Clare,MI,$10.60
26037,Clinton,MI,$11.73
26039,Crawford,MI,$10.82
26041,Delta,MI,$10.51
26043,Dickinson,MI,$10.88
26045,Eaton,MI,$11.73
26047,Emmet,MI,$10.91
26049,Genesee,MI,$10.57
26051,Gladwin,MI,$10.60
26053,Gogebic,MI,$10.84
26055,Grand Traverse,MI,$11.48
26057,Gratiot,MI,$10.35
26059,Hillsdale,MI,$10.82
26061,Houghton,MI,$10.54
26063,Huron,MI,$11.02
26065,Ingham,MI,$11.73
26067,Ionia,MI,$11.18
26069,Iosco,MI,$10.35
26071,Iron,MI,$10.60
26073,Isabella,MI,$10.91
26075,Jackson,MI,$11.42
26077,Kalamazoo,MI,$10.93
26079,Kalkaska,MI,$10.45
26081,Kent,MI,$11.46
26083,Keweenaw,MI,$10.60
26085,Lake,MI,$10.60
26087,Lapeer,MI,$11.47
26089,Leelanau,MI,$11.65
26091,Lenawee,MI,$10.70
26093,Livingston,MI,$11.64
26095,Luce,MI,$10.60
26097,Mackinac,MI,$10.60
26099,Macomb,MI,$11.47
26101,Manistee,MI,$10.60
26103,Marquette,MI,$10.54
26105,Mason,MI,$10.67
26107,Mecosta,MI,$11.26
26109,Menominee,MI,$10.60
26111,Midland,MI,$10.85
26113,Missaukee,MI,$10.78
26115,Monroe,MI,$11.65
26117,Montcalm,MI,$11.28
26119,Montmorency,MI,$10.60
26121,Muskegon,MI,$11.34
26123,Newaygo,MI,$10.88
26125,Oakland,MI,$11.47
26127,Oceana,MI,$10.60
26129,Ogemaw,MI,$10.60
26131,Ontonagon,MI,$10.60
26133,Osceola,MI,$10.60
26135,Oscoda,MI,$10.60
26137,Otsego,MI,$10.90
26139,Ottawa,MI,$12.28
26141,Presque Isle,MI,$10.60
26143,Roscommon,MI,$10.97
26145,Saginaw,MI,$10.76
26147,St Clair,MI,$11.47
26149,St Joseph,MI,$10.83
26151,Sanilac,MI,$10.77
26153,Schoolcraft,MI,$10.60
26155,Shiawassee,MI,$10.92
26157,Tuscola,MI,$10.35
26159,Van Buren,MI,$10.93
26161,Washtenaw,MI,$13.30
26163,Wayne,MI,$11.47
26165,Wexford,MI,$10.85
27001,Aitkin,MN,$11.29
27003,Anoka,MN,$12.61
27005,Becker,MN,$10.69
27007,Beltrami,MN,$10.88
27009,Benton,MN,$11.52
27011,Big Stone,MN,$10.62
27013,Blue Earth,MN,$11.77
27015,Brown,MN,$10.56
27017,Carlton,MN,$11.71
27019,Carver,MN,$12.61
27021,Cass,MN,$11.25
27023,Chippewa,MN,$10.62
27025,Chisago,MN,$12.61
27027,Clay,MN,$11.29
27029,Clearwater,MN,$10.62
27031,Cook,MN,$10.62
27033,Cottonwood,MN,$10.62
27035,Crow Wing,MN,$11.02
27037,Dakota,MN,$12.61
27039,Dodge,MN,$11.87
27041,Douglas,MN,$10.94
27043,Faribault,MN,$10.62
27045,Fillmore,MN,$10.56
27047,Freeborn,MN,$10.56
27049,Goodhue,MN,$11.48
27051,Grant,MN,$10.62
27053,Hennepin,MN,$12.61
27055,Houston,MN,$11.09
27057,Hubbard,MN,$11.04
27059,Isanti,MN,$12.61
27061,Itasca,MN,$10.88
27063,Jackson,MN,$10.62
27065,Kanabec,MN,$11.58
27067,Kandiyohi,MN,$11.22
27069,Kittson,MN,$10.62
27071,Koochiching,MN,$10.62
27073,Lac qui Parle,MN,$10.62
27075,Lake,MN,$10.89
27077,Lake of the Woods,MN,$10.83
27079,Le Sueur,MN,$11.20
27081,Lincoln,MN,$10.62
27083,Lyon,MN,$10.62
27085,McLeod,MN,$10.96
27087,Mahnomen,MN,$10.62
27089,Marshall,MN,$10.62
27091,Martin,MN,$10.62
27093,Meeker,MN,$10.94
27095,Mille Lacs,MN,$11.31
27097,Morrison,MN,$10.62
27099,Mower,MN,$10.79
27101,Murray,MN,$10.62
27103,Nicollet,MN,$11.77
27105,Nobles,MN,$11.15
27107,Norman,MN,$10.62
27109,Olmsted,MN,$11.87
27111,Otter Tail,MN,$10.83
27113,Pennington,MN,$10.72
27115,Pine,MN,$10.98
27117,Pipestone,MN,$10.62
27119,Polk,MN,$11.27
27121,Pope,MN,$10.73
27123,Ramsey,MN,$12.61
27125,Red Lake,MN,$11.39
27127,Redwood,MN,$10.62
27129,Renville,MN,$11.14
27131,Rice,MN,$11.38
27133,Rock,MN,$10.62
27135,Roseau,MN,$10.59
27137,St Louis,MN,$11.71
27139,Scott,MN,$12.61
27141,Sherburne,MN,$12.61
27143,Sibley,MN,$10.81
27145,Stearns,MN,$11.52
27147,Steele,MN,$11.03
27149,Stevens,MN,$10.62
27151,Swift,MN,$11.17
27153,Todd,MN,$10.56
27155,Traverse,MN,$10.62
27157,Wabasha,MN,$10.89
27159,Wadena,MN,$10.62
27161,Waseca,MN,$10.62
27163,Washington,MN,$12.61
27165,Watonwan,MN,$10.62
27167,Wilkin,MN,$10.62
27169,Winona,MN,$10.77
27171,Wright,MN,$12.61
27173,Yellow Medicine,MN,$10.62
28001,Adams,MS,$10.63
28003,Alcorn,MS,$10.35
28005,Amite,MS,$10.35
28007,Attala,MS,$10.35
28009,Benton,MS,$10.48
28011,Bolivar,MS,$10.44
28013,Calhoun,MS,$10.35
28015,Carroll,MS,$10.35
28017,Chickasaw,MS,$10.00
28019,Choctaw,MS,$10.35
28021,Claiborne,MS,$10.38
28023,Clarke,MS,$10.42
28025,Clay,MS,$10.35
28027,Coahoma,MS,$10.00
28029,Copiah,MS,$11.53
28031,Covington,MS,$10.46
28033,De Soto,MS,$11.57
28035,Forrest,MS,$10.63
28037,Franklin,MS,$10.35
28039,George,MS,$10.85
28041,Greene,MS,$10.89
28043,Grenada,MS,$10.35
28045,Hancock,MS,$11.52
28047,Harrison,MS,$11.52
28049,Hinds,MS,$11.53
28051,Holmes,MS,$10.35
28053,Humphreys,MS,$10.35
28055,Issaquena,MS,$10.35
28057,Itawamba,MS,$10.35
28059,Jackson,MS,$11.27
28061,Jasper,MS,$10.73
28063,Jefferson,MS,$10.35
28065,Jefferson Davis,MS,$10.36
28067,Jones,MS,$10.30
28069,Kemper,MS,$10.35
28071,Lafayette,MS,$11.55
28073,Lamar,MS,$10.63
28075,Lauderdale,MS,$10.63
28077,Lawrence,MS,$10.70
28079,Leake,MS,$10.35
28081,Lee,MS,$10.83
28083,Leflore,MS,$10.46
28085,Lincoln,MS,$10.55
28087,Lowndes,MS,$10.48
28089,Madison,MS,$11.53
28091,Marion,MS,$10.35
28093,Marshall,MS,$10.53
28095,Monroe,MS,$10.35
28097,Montgomery,MS,$10.35
28099,Neshoba,MS,$10.35
28101,Newton,MS,$10.39
28103,Noxubee,MS,$10.35
28105,Oktibbeha,MS,$10.93
28107,Panola,MS,$10.35
28109,Pearl River,MS,$10.91
28111,Perry,MS,$10.63
28113,Pike,MS,$10.47
28115,Pontotoc,MS,$10.40
28117,Prentiss,MS,$10.35
28119,Quitman,MS,$10.00
28121,Rankin,MS,$11.53
28123,Scott,MS,$10.35
28125,Sharkey,MS,$10.35
28127,Simpson,MS,$10.71
28129,Smith,MS,$10.18
28131,Stone,MS,$10.40
28133,Sunflower,MS,$10.00
28135,Tallahatchie,MS,$10.35
28137,Tate,MS,$11.20
28139,Tippah,MS,$10.35
28141,Tishomingo,MS,$10.35
28143,Tunica,MS,$11.58
28145,Union,MS,$10.35
28147,Walthall,MS,$10.35
28149,Warren,MS,$11.02
28151,Washington,MS,$10.54
28153,Wayne,MS,$10.35
28155,Webster,MS,$10.35
28157,Wilkinson,MS,$10.35
28159,Winston,MS,$10.35
28161,Yalobusha,MS,$10.35
28163,Yazoo,MS,$10.67
29001,Adair,MO,$10.32
29003,Andrew,MO,$10.91
29005,Atchison,MO,$10.22
29007,Audrain,MO,$10.38
29009,Barry,MO,$10.65
29011,Barton,MO,$10.22
29013,Bates,MO,$10.47
29015,Benton,MO,$10.55
29017,Bollinger,MO,$11.12
29019,Boone,MO,$11.32
29021,Buchanan,MO,$10.91
29023,Butler,MO,$10.27
29025,Caldwell,MO,$11.62
29027,Callaway,MO,$10.82
29029,Camden,MO,$10.45
29031,Cape Girardeau,MO,$11.12
29033,Carroll,MO,$10.22
29035,Carter,MO,$10.18
29037,Cass,MO,$11.62
29039,Cedar,MO,$10.24
29041,Chariton,MO,$10.22
29043,Christian,MO,$11.02
29045,Clark,MO,$10.22
29047,Clay,MO,$11.62
29049,Clinton,MO,$11.62
29051,Cole,MO,$10.15
29053,Cooper,MO,$10.25
29055,Crawford,MO,$10.88
29057,Dade,MO,$10.24
29059,Dallas,MO,$10.66
29061,Daviess,MO,$10.22
29063,De Kalb,MO,$10.91
29065,Dent,MO,$10.22
29067,Douglas,MO,$10.22
29069,Dunklin,MO,$10.22
29071,Franklin,MO,$11.59
29073,Gasconade,MO,$10.22
29075,Gentry,MO,$10.22
29077,Greene,MO,$11.02
29079,Grundy,MO,$10.22
29081,Harrison,MO,$10.20
29083,Henry,MO,$10.44
29085,Hickory,MO,$10.32
29087,Holt,MO,$10.22
29089,Howard,MO,$10.54
29091,Howell,MO,$10.22
29093,Iron,MO,$10.22
29095,Jackson,MO,$11.62
29097,Jasper,MO,$10.84
29099,Jefferson,MO,$11.59
29101,Johnson,MO,$10.54
29103,Knox,MO,$10.22
29105,Laclede,MO,$10.51
29107,Lafayette,MO,$11.62
29109,Lawrence,MO,$10.15
29111,Lewis,MO,$10.15
29113,Lincoln,MO,$11.59
29115,Linn,MO,$10.22
29117,Livingston,MO,$10.30
29119,McDonald,MO,$10.50
29121,Macon,MO,$10.22
29123,Madison,MO,$10.33
29125,Maries,MO,$10.22
29127,Marion,MO,$10.22
29129,Mercer,MO,$10.22
29131,Miller,MO,$10.43
29133,Mississippi,MO,$10.26
29135,Moniteau,MO,$10.61
29137,Monroe,MO,$10.22
29139,Montgomery,MO,$10.24
29141,Morgan,MO,$10.26
29143,New Madrid,MO,$10.22
29145,Newton,MO,$10.84
29147,Nodaway,MO,$10.36
29149,Oregon,MO,$10.22
29151,Osage,MO,$10.15
29153,Ozark,MO,$10.22
29155,Pemiscot,MO,$10.22
29157,Perry,MO,$10.32
29159,Pettis,MO,$10.90
29161,Phelps,MO,$10.62
29163,Pike,MO,$10.22
29165,Platte,MO,$11.62
29167,Polk,MO,$10.65
29169,Pulaski,MO,$10.88
29171,Putnam,MO,$10.22
29173,Ralls,MO,$10.59
29175,Randolph,MO,$10.64
29177,Ray,MO,$11.62
29179,Reynolds,MO,$10.22
29181,Ripley,MO,$10.22
29183,St Charles,MO,$11.59
29185,St Clair,MO,$10.22
29186,Ste. Genevieve,MO,$10.34
29187,St Francois,MO,$10.32
29189,St Louis,MO,$11.59
29195,Saline,MO,$10.32
29197,Schuyler,MO,$10.22
29199,Scotland,MO,$10.22
29201,Scott,MO,$10.18
29203,Shannon,MO,$10.15
29205,Shelby,MO,$10.22
29207,Stoddard,MO,$10.15
29209,Stone,MO,$10.50
29211,Sullivan,MO,$10.48
29213,Taney,MO,$10.60
29215,Texas,MO,$10.15
29217,Vernon,MO,$10.42
29219,Warren,MO,$11.59
29221,Washington,MO,$10.34
29223,Wayne,MO,$10.51
29225,Webster,MO,$11.02
29227,Worth,MO,$10.22
29229,Wright,MO,$10.22
29510,St Louis City,MO,$11.59
30001,Beaverhead,MT,$10.45
30003,Big Horn,MT,$10.73
30005,Blaine,MT,$10.45
30007,Broadwater,MT,$10.83
30009,Carbon,MT,$11.05
30011,Carter,MT,$10.45
30013,Cascade,MT,$11.09
30015,Chouteau,MT,$10.45
30017,Custer,MT,$10.45
30019,Daniels,MT,$10.45
30021,Dawson,MT,$10.21
30023,Deer Lodge,MT,$10.45
30025,Fallon,MT,$10.45
30027,Fergus,MT,$10.80
30029,Flathead,MT,$10.93
30031,Gallatin,MT,$11.42
30033,Garfield,MT,$10.45
30035,Glacier,MT,$10.42
30037,Golden Valley,MT,$10.78
30039,Granite,MT,$10.45
30041,Hill,MT,$11.08
30043,Jefferson,MT,$11.08
30045,Judith Basin,MT,$10.45
30047,Lake,MT,$10.39
30049,Lewis and Clark,MT,$11.02
30051,Liberty,MT,$10.81
30053,Lincoln,MT,$10.45
30055,McCone,MT,$10.45
30057,Madison,MT,$11.61
30059,Meagher,MT,$10.47
30061,Mineral,MT,$10.45
30063,Missoula,MT,$11.47
30065,Musselshell,MT,$10.79
30067,Park,MT,$10.92
30069,Petroleum,MT,$10.87
30071,Phillips,MT,$10.45
30073,Pondera,MT,$10.45
30075,Powder River,MT,$10.45
30077,Powell,MT,$10.45
30079,Prairie,MT,$10.45
30081,Ravalli,MT,$10.77
30083,Richland,MT,$11.21
30085,Roosevelt,MT,$10.45
30087,Rosebud,MT,$10.45
30089,Sanders,MT,$10.66
30091,Sheridan,MT,$10.45
30093,Silver Bow,MT,$10.89
30095,Stillwater,MT,$10.45
30097,Sweet Grass,MT,$10.79
30099,Teton,MT,$10.30
30101,Toole,MT,$10.45
30103,Treasure,MT,$10.62
30105,Valley,MT,$10.45
30107,Wheatland,MT,$10.45
30109,Wibaux,MT,$10.87
30111,Yellowstone,MT,$11.05
30113,Yellowstone Nat Park,MT,NA
31001,Adams,NE,$10.46
31003,Antelope,NE,$10.28
31005,Arthur,NE,$11.16
31007,Banner,NE,$10.47
31009,Blaine,NE,$10.41
31011,Boone,NE,$10.28
31013,Box Butte,NE,$10.28
31015,Boyd,NE,$10.28
31017,Brown,NE,$10.71
31019,Buffalo,NE,$10.75
31021,Burt,NE,$10.44
31023,Butler,NE,$10.38
31025,Cass,NE,$11.37
31027,Cedar,NE,$10.28
31029,Chase,NE,$10.28
31031,Cherry,NE,$10.28
31033,Cheyenne,NE,$10.28
31035,Clay,NE,$10.28
31037,Colfax,NE,$10.28
31039,Cuming,NE,$10.28
31041,Custer,NE,$10.28
31043,Dakota,NE,$10.74
31045,Dawes,NE,$10.56
31047,Dawson,NE,$10.42
31049,Deuel,NE,$10.39
31051,Dixon,NE,$10.74
31053,Dodge,NE,$11.15
31055,Douglas,NE,$11.37
31057,Dundy,NE,$10.47
31059,Fillmore,NE,$10.28
31061,Franklin,NE,$10.28
31063,Frontier,NE,$10.28
31065,Furnas,NE,$10.28
31067,Gage,NE,$10.45
31069,Garden,NE,$10.28
31071,Garfield,NE,$10.28
31073,Gosper,NE,$10.28
31075,Grant,NE,$10.47
31077,Greeley,NE,$10.28
31079,Hall,NE,$10.71
31081,Hamilton,NE,$10.51
31083,Harlan,NE,$10.28
31085,Hayes,NE,$10.81
31087,Hitchcock,NE,$10.28
31089,Holt,NE,$10.28
31091,Hooker,NE,$10.47
31093,Howard,NE,$10.51
31095,Jefferson,NE,$10.28
31097,Johnson,NE,$10.28
31099,Kearney,NE,$10.70
31101,Keith,NE,$10.75
31103,Keya Paha,NE,$10.37
31105,Kimball,NE,$10.57
31107,Knox,NE,$10.28
31109,Lancaster,NE,$11.00
31111,Lincoln,NE,$10.73
31113,Logan,NE,$10.28
31115,Loup,NE,$10.28
31117,McPherson,NE,$10.47
31119,Madison,NE,$10.60
31121,Merrick,NE,$10.51
31123,Morrill,NE,$10.50
31125,Nance,NE,$10.28
31127,Nemaha,NE,$10.75
31129,Nuckolls,NE,$10.28
31131,Otoe,NE,$10.53
31133,Pawnee,NE,$10.28
31135,Perkins,NE,$10.28
31137,Phelps,NE,$10.28
31139,Pierce,NE,$10.28
31141,Platte,NE,$10.71
31143,Polk,NE,$10.28
31145,Red Willow,NE,$10.37
31147,Richardson,NE,$10.28
31149,Rock,NE,$10.28
31151,Saline,NE,$10.99
31153,Sarpy,NE,$11.37
31155,Saunders,NE,$10.64
31157,Scotts Bluff,NE,$10.62
31159,Seward,NE,$10.53
31161,Sheridan,NE,$10.28
31163,Sherman,NE,$10.28
31165,Sioux,NE,$10.28
31167,Stanton,NE,$10.48
31169,Thayer,NE,$10.28
31171,Thomas,NE,$10.28
31173,Thurston,NE,$10.73
31175,Valley,NE,$10.28
31177,Washington,NE,$11.37
31179,Wayne,NE,$10.28
31181,Webster,NE,$10.73
31183,Wheeler,NE,$10.47
31185,York,NE,$10.43
32001,Churchill,NV,$11.54
32003,Clark,NV,$11.29
32005,Douglas,NV,$11.33
32007,Elko,NV,$10.88
32009,Esmeralda,NV,$9.96
32011,Eureka,NV,$10.74
32013,Humboldt,NV,$11.06
32015,Lander,NV,$11.50
32017,Lincoln,NV,$10.00
32019,Lyon,NV,$10.52
32021,Mineral,NV,$9.96
32023,Nye,NV,$10.47
32027,Pershing,NV,$9.96
32029,Storey,NV,$11.38
32031,Washoe,NV,$11.38
32033,White Pine,NV,$10.67
32510,Carson City,NV,$10.72
33001,Belknap,NH,$11.73
33003,Carroll,NH,$11.76
33005,Cheshire,NH,$11.99
33007,Coos,NH,$11.08
33009,Grafton,NH,$11.66
33011,Hillsborough,NH,$12.60
33013,Merrimack,NH,$12.39
33015,Rockingham,NH,$13.53
33017,Strafford,NH,$13.05
33019,Sullivan,NH,$11.96
34001,Atlantic,NJ,$12.89
34003,Bergen,NJ,$15.15
34005,Burlington,NJ,$12.77
34007,Camden,NJ,$12.77
34009,Cape May,NJ,$12.32
34011,Cumberland,NJ,$12.78
34013,Essex,NJ,$14.10
34015,Gloucester,NJ,$12.77
34017,Hudson,NJ,$14.99
34019,Hunterdon,NJ,$14.79
34021,Mercer,NJ,$13.14
34023,Middlesex,NJ,$14.79
34025,Monmouth,NJ,$13.49
34027,Morris,NJ,$14.10
34029,Ocean,NJ,$13.49
34031,Passaic,NJ,$15.15
34033,Salem,NJ,$12.77
34035,Somerset,NJ,$14.79
34037,Sussex,NJ,$14.10
34039,Union,NJ,$14.10
34041,Warren,NJ,$13.41
35001,Bernalillo,NM,$11.16
35003,Catron,NM,$11.05
35005,Chaves,NM,$10.95
35006,Cibola,NM,$11.38
35007,Colfax,NM,$11.27
35009,Curry,NM,$11.34
35011,De Baca,NM,$11.59
35013,Dona Ana,NM,$10.79
35015,Eddy,NM,$12.05
35017,Grant,NM,$11.44
35019,Guadalupe,NM,$11.12
35021,Harding,NM,$11.05
35023,Hidalgo,NM,$11.12
35025,Lea,NM,$12.34
35027,Lincoln,NM,$11.46
35028,Los Alamos,NM,$12.80
35029,Luna,NM,$10.61
35031,McKinley,NM,$10.92
35033,Mora,NM,$11.59
35035,Otero,NM,$11.43
35037,Quay,NM,$10.92
35039,Rio Arriba,NM,$11.38
35041,Roosevelt,NM,$11.34
35043,Sandoval,NM,$11.16
35045,San Juan,NM,$11.84
35047,San Miguel,NM,$11.59
35049,Santa Fe,NM,$12.84
35051,Sierra,NM,$10.98
35053,Socorro,NM,$11.21
35055,Taos,NM,$11.95
35057,Torrance,NM,$11.16
35059,Union,NM,$10.92
35061,Valencia,NM,$11.16
36001,Albany,NY,$12.79
36003,Allegany,NY,$11.20
36005,Bronx,NY,$17.99
36007,Broome,NY,$11.74
36009,Cattaraugus,NY,$11.46
36011,Cayuga,NY,$11.43
36013,Chautauqua,NY,$11.39
36015,Chemung,NY,$11.88
36017,Chenango,NY,$11.37
36019,Clinton,NY,$11.47
36021,Columbia,NY,$12.26
36023,Cortland,NY,$11.87
36025,Delaware,NY,$11.62
36027,Dutchess,NY,$14.11
36029,Erie,NY,$12.15
36031,Essex,NY,$11.85
36033,Franklin,NY,$11.24
36035,Fulton,NY,$11.18
36037,Genesee,NY,$11.31
36039,Greene,NY,$11.78
36041,Hamilton,NY,$11.62
36043,Herkimer,NY,$11.39
36045,Jefferson,NY,$12.66
36047,Kings,NY,$17.99
36049,Lewis,NY,$11.47
36051,Livingston,NY,$12.01
36053,Madison,NY,$11.68
36055,Monroe,NY,$12.01
36057,Montgomery,NY,$12.00
36059,Nassau,NY,$15.89
36061,New York,NY,$17.99
36063,Niagara,NY,$12.15
36065,Oneida,NY,$11.39
36067,Onondaga,NY,$11.68
36069,Ontario,NY,$12.01
36071,Orange,NY,$14.11
36073,Orleans,NY,$12.01
36075,Oswego,NY,$11.68
36077,Otsego,NY,$12.02
36079,Putnam,NY,$17.99
36081,Queens,NY,$17.99
36083,Rensselaer,NY,$12.79
36085,Richmond,NY,$17.99
36087,Rockland,NY,$17.99
36089,St Lawrence,NY,$11.74
36091,Saratoga,NY,$12.79
36093,Schenectady,NY,$12.79
36095,Schoharie,NY,$12.79
36097,Schuyler,NY,$11.35
36099,Seneca,NY,$12.14
36101,Steuben,NY,$11.66
36103,Suffolk,NY,$15.89
36105,Sullivan,NY,$12.04
36107,Tioga,NY,$11.74
36109,Tompkins,NY,$13.74
36111,Ulster,NY,$12.85
36113,Warren,NY,$12.08
36115,Washington,NY,$12.08
36117,Wayne,NY,$12.01
36119,Westchester,NY,$15.91
36121,Wyoming,NY,$10.95
36123,Yates,NY,$11.16
37001,Alamance,NC,$11.09
37003,Alexander,NC,$10.99
37005,Alleghany,NC,$10.75
37007,Anson,NC,$11.20
37009,Ashe,NC,$10.75
37011,Avery,NC,$11.15
37013,Beaufort,NC,$11.12
37015,Bertie,NC,$11.20
37017,Bladen,NC,$10.75
37019,Brunswick,NC,$12.02
37021,Buncombe,NC,$12.62
37023,Burke,NC,$10.99
37025,Cabarrus,NC,$13.15
37027,Caldwell,NC,$10.99
37029,Camden,NC,$13.13
37031,Carteret,NC,$11.77
37033,Caswell,NC,$11.00
37035,Catawba,NC,$10.99
37037,Chatham,NC,$12.88
37039,Cherokee,NC,$11.11
37041,Chowan,NC,$11.71
37043,Clay,NC,$11.42
37045,Cleveland,NC,$11.00
37047,Columbus,NC,$10.83
37049,Craven,NC,$11.84
37051,Cumberland,NC,$12.30
37053,Currituck,NC,$13.44
37055,Dare,NC,$12.44
37057,Davidson,NC,$11.20
37059,Davie,NC,$11.07
37061,Duplin,NC,$10.92
37063,Durham,NC,$12.88
37065,Edgecombe,NC,$11.03
37067,Forsyth,NC,$11.07
37069,Franklin,NC,$12.96
37071,Gaston,NC,$13.15
37073,Gates,NC,$11.12
37075,Graham,NC,$10.96
37077,Granville,NC,$11.44
37079,Greene,NC,$10.75
37081,Guilford,NC,$11.42
37083,Halifax,NC,$11.29
37085,Harnett,NC,$11.29
37087,Haywood,NC,$11.42
37089,Henderson,NC,$12.62
37091,Hertford,NC,$10.99
37093,Hoke,NC,$11.50
37095,Hyde,NC,$12.21
37097,Iredell,NC,$12.29
37099,Jackson,NC,$11.26
37101,Johnston,NC,$12.96
37103,Jones,NC,$10.75
37105,Lee,NC,$11.52
37107,Lenoir,NC,$10.61
37109,Lincoln,NC,$11.74
37111,McDowell,NC,$11.20
37113,Macon,NC,$11.30
37115,Madison,NC,$12.62
37117,Martin,NC,$10.75
37119,Mecklenburg,NC,$13.15
37121,Mitchell,NC,$10.77
37123,Montgomery,NC,$11.03
37125,Moore,NC,$11.75
37127,Nash,NC,$11.03
37129,New Hanover,NC,$12.10
37131,Northampton,NC,$10.75
37133,Onslow,NC,$11.76
37135,Orange,NC,$12.88
37137,Pamlico,NC,$11.11
37139,Pasquotank,NC,$11.32
37141,Pender,NC,$11.39
37143,Perquimans,NC,$11.77
37145,Person,NC,$10.40
37147,Pitt,NC,$11.39
37149,Polk,NC,$11.33
37151,Randolph,NC,$11.42
37153,Richmond,NC,$11.16
37155,Robeson,NC,$10.77
37157,Rockingham,NC,$10.75
37159,Rowan,NC,$11.48
37161,Rutherford,NC,$10.75
37163,Sampson,NC,$10.81
37165,Scotland,NC,$10.84
37167,Stanly,NC,$10.89
37169,Stokes,NC,$11.07
37171,Surry,NC,$10.77
37173,Swain,NC,$11.20
37175,Transylvania,NC,$11.30
37177,Tyrrell,NC,$11.00
37179,Union,NC,$13.15
37181,Vance,NC,$10.83
37183,Wake,NC,$12.96
37185,Warren,NC,$10.27
37187,Washington,NC,$10.93
37189,Watauga,NC,$11.26
37191,Wayne,NC,$11.11
37193,Wilkes,NC,$10.75
37195,Wilson,NC,$11.48
37197,Yadkin,NC,$11.07
37199,Yancey,NC,$10.77
38001,Adams,ND,$10.91
38003,Barnes,ND,$10.78
38005,Benson,ND,$10.91
38007,Billings,ND,$11.03
38009,Bottineau,ND,$10.53
38011,Bowman,ND,$10.71
38013,Burke,ND,$11.72
38015,Burleigh,ND,$11.32
38017,Cass,ND,$10.68
38019,Cavalier,ND,$10.91
38021,Dickey,ND,$10.77
38023,Divide,ND,$10.45
38025,Dunn,ND,$13.17
38027,Eddy,ND,$10.91
38029,Emmons,ND,$10.91
38031,Foster,ND,$10.77
38033,Golden Valley,ND,$11.72
38035,Grand Forks,ND,$10.66
38037,Grant,ND,$10.91
38039,Griggs,ND,$10.45
38041,Hettinger,ND,$10.91
38043,Kidder,ND,$10.91
38045,La Moure,ND,$10.56
38047,Logan,ND,$10.91
38049,McHenry,ND,$10.91
38051,McIntosh,ND,$10.91
38053,McKenzie,ND,$12.09
38055,McLean,ND,$10.91
38057,Mercer,ND,$10.92
38059,Morton,ND,$11.32
38061,Mountrail,ND,$11.52
38063,Nelson,ND,$10.91
38065,Oliver,ND,$11.29
38067,Pembina,ND,$10.91
38069,Pierce,ND,$10.84
38071,Ramsey,ND,$10.77
38073,Ransom,ND,$10.75
38075,Renville,ND,$10.53
38077,Richland,ND,$10.54
38079,Rolette,ND,$10.91
38081,Sargent,ND,$10.69
38083,Sheridan,ND,$11.03
38085,Sioux,ND,$10.55
38087,Slope,ND,$11.03
38089,Stark,ND,$11.90
38091,Steele,ND,$10.75
38093,Stutsman,ND,$10.75
38095,Towner,ND,$10.48
38097,Traill,ND,$10.21
38099,Walsh,ND,$10.91
38101,Ward,ND,$11.58
38103,Wells,ND,$10.91
38105,Williams,ND,$11.16
39001,Adams,OH,$10.74
39003,Allen,OH,$10.63
39005,Ashland,OH,$10.31
39007,Ashtabula,OH,$10.54
39009,Athens,OH,$11.46
39011,Auglaize,OH,$10.55
39013,Belmont,OH,$10.84
39015,Brown,OH,$10.42
39017,Butler,OH,$11.08
39019,Carroll,OH,$10.56
39021,Champaign,OH,$10.79
39023,Clark,OH,$10.56
39025,Clermont,OH,$11.08
39027,Clinton,OH,$10.19
39029,Columbiana,OH,$10.32
39031,Coshocton,OH,$10.51
39033,Crawford,OH,$10.74
39035,Cuyahoga,OH,$10.98
39037,Darke,OH,$10.65
39039,Defiance,OH,$10.54
39041,Delaware,OH,$11.46
39043,Erie,OH,$10.43
39045,Fairfield,OH,$11.46
39047,Fayette,OH,$10.33
39049,Franklin,OH,$11.46
39051,Fulton,OH,$10.37
39053,Gallia,OH,$10.51
39055,Geauga,OH,$10.98
39057,Greene,OH,$10.68
39059,Guernsey,OH,$10.90
39061,Hamilton,OH,$11.08
39063,Hancock,OH,$10.92
39065,Hardin,OH,$10.51
39067,Harrison,OH,$10.51
39069,Henry,OH,$10.51
39071,Highland,OH,$10.51
39073,Hocking,OH,$10.97
39075,Holmes,OH,$10.51
39077,Huron,OH,$10.48
39079,Jackson,OH,$10.51
39081,Jefferson,OH,$10.19
39083,Knox,OH,$10.76
39085,Lake,OH,$10.98
39087,Lawrence,OH,$10.58
39089,Licking,OH,$11.46
39091,Logan,OH,$10.80
39093,Lorain,OH,$10.98
39095,Lucas,OH,$10.37
39097,Madison,OH,$11.46
39099,Mahoning,OH,$10.35
39101,Marion,OH,$10.43
39103,Medina,OH,$10.98
39105,Meigs,OH,$10.12
39107,Mercer,OH,$10.60
39109,Miami,OH,$10.68
39111,Monroe,OH,$10.51
39113,Montgomery,OH,$10.68
39115,Morgan,OH,$10.51
39117,Morrow,OH,$11.46
39119,Muskingum,OH,$10.17
39121,Noble,OH,$10.55
39123,Ottawa,OH,$10.67
39125,Paulding,OH,$10.51
39127,Perry,OH,$10.40
39129,Pickaway,OH,$11.46
39131,Pike,OH,$10.51
39133,Portage,OH,$10.70
39135,Preble,OH,$10.29
39137,Putnam,OH,$10.51
39139,Richland,OH,$10.27
39141,Ross,OH,$10.92
39143,Sandusky,OH,$10.51
39145,Scioto,OH,$10.12
39147,Seneca,OH,$10.60
39149,Shelby,OH,$10.62
39151,Stark,OH,$10.56
39153,Summit,OH,$10.70
39155,Trumbull,OH,$10.35
39157,Tuscarawas,OH,$10.46
39159,Union,OH,$11.34
39161,Van Wert,OH,$10.51
39163,Vinton,OH,$10.51
39165,Warren,OH,$11.08
39167,Washington,OH,$10.51
39169,Wayne,OH,$10.95
39171,Williams,OH,$10.51
39173,Wood,OH,$10.37
39175,Wyandot,OH,$10.51
40001,Adair,OK,$10.48
40003,Alfalfa,OK,$10.48
40005,Atoka,OK,$10.48
40007,Beaver,OK,$10.48
40009,Beckham,OK,$10.83
40011,Blaine,OK,$10.48
40013,Bryan,OK,$10.71
40015,Caddo,OK,$10.39
40017,Canadian,OK,$11.39
40019,Carter,OK,$10.76
40021,Cherokee,OK,$10.77
40023,Choctaw,OK,$10.16
40025,Cimarron,OK,$10.48
40027,Cleveland,OK,$11.39
40029,Coal,OK,$10.48
40031,Comanche,OK,$10.81
40033,Cotton,OK,$10.62
40035,Craig,OK,$10.67
40037,Creek,OK,$10.94
40039,Custer,OK,$10.48
40041,Delaware,OK,$10.48
40043,Dewey,OK,$10.52
40045,Ellis,OK,$10.68
40047,Garfield,OK,$10.45
40049,Garvin,OK,$11.03
40051,Grady,OK,$10.61
40053,Grant,OK,$10.48
40055,Greer,OK,$10.94
40057,Harmon,OK,$10.48
40059,Harper,OK,$10.48
40061,Haskell,OK,$10.58
40063,Hughes,OK,$10.48
40065,Jackson,OK,$10.47
40067,Jefferson,OK,$10.23
40069,Johnston,OK,$10.48
40071,Kay,OK,$10.70
40073,Kingfisher,OK,$10.48
40075,Kiowa,OK,$10.48
40077,Latimer,OK,$10.48
40079,Le Flore,OK,$10.81
40081,Lincoln,OK,$10.66
40083,Logan,OK,$11.39
40085,Love,OK,$10.59
40087,McClain,OK,$11.39
40089,McCurtain,OK,$10.16
40091,McIntosh,OK,$10.45
40093,Major,OK,$10.48
40095,Marshall,OK,$10.16
40097,Mayes,OK,$10.49
40099,Murray,OK,$10.69
40101,Muskogee,OK,$10.18
40103,Noble,OK,$10.48
40105,Nowata,OK,$10.86
40107,Okfuskee,OK,$10.48
40109,Oklahoma,OK,$11.39
40111,Okmulgee,OK,$10.59
40113,Osage,OK,$10.94
40115,Ottawa,OK,$10.39
40117,Pawnee,OK,$10.26
40119,Payne,OK,$11.40
40121,Pittsburg,OK,$10.39
40123,Pontotoc,OK,$10.18
40125,Pottawatomie,OK,$10.91
40127,Pushmataha,OK,$10.36
40129,Roger Mills,OK,$10.48
40131,Rogers,OK,$10.94
40133,Seminole,OK,$10.16
40135,Sequoyah,OK,$10.46
40137,Stephens,OK,$10.22
40139,Texas,OK,$11.31
40141,Tillman,OK,$10.48
40143,Tulsa,OK,$10.94
40145,Wagoner,OK,$10.94
40147,Washington,OK,$10.52
40149,Washita,OK,$10.48
40151,Woods,OK,$10.48
40153,Woodward,OK,$10.80
41001,Baker,OR,$10.71
41003,Benton,OR,$12.77
41005,Clackamas,OR,$15.16
41007,Clatsop,OR,$11.66
41009,Columbia,OR,$15.16
41011,Coos,OR,$11.26
41013,Crook,OR,$10.95
41015,Curry,OR,$11.86
41017,Deschutes,OR,$12.60
41019,Douglas,OR,$12.05
41021,Gilliam,OR,$10.95
41023,Grant,OR,$11.22
41025,Harney,OR,$10.68
41027,Hood River,OR,$12.40
41029,Jackson,OR,$12.28
41031,Jefferson,OR,$10.89
41033,Josephine,OR,$12.44
41035,Klamath,OR,$10.89
41037,Lake,OR,$10.68
41039,Lane,OR,$12.18
41041,Lincoln,OR,$11.46
41043,Linn,OR,$11.97
41045,Malheur,OR,$10.87
41047,Marion,OR,$12.05
41049,Morrow,OR,$11.23
41051,Multnomah,OR,$15.16
41053,Polk,OR,$12.05
41055,Sherman,OR,$10.95
41057,Tillamook,OR,$11.62
41059,Umatilla,OR,$10.83
41061,Union,OR,$10.82
41063,Wallowa,OR,$10.69
41065,Wasco,OR,$12.47
41067,Washington,OR,$15.16
41069,Wheeler,OR,$10.68
41071,Yamhill,OR,$15.16
42001,Adams,PA,$11.27
42003,Allegheny,PA,$11.18
42005,Armstrong,PA,$10.03
42007,Beaver,PA,$11.18
42009,Bedford,PA,$10.60
42011,Berks,PA,$11.28
42013,Blair,PA,$10.87
42015,Bradford,PA,$10.57
42017,Bucks,PA,$12.45
42019,Butler,PA,$11.18
42021,Cambria,PA,$10.12
42023,Cameron,PA,$10.34
42025,Carbon,PA,$11.77
42027,Centre,PA,$12.64
42029,Chester,PA,$12.45
42031,Clarion,PA,$10.80
42033,Clearfield,PA,$10.07
42035,Clinton,PA,$10.44
42037,Columbia,PA,$11.25
42039,Crawford,PA,$10.24
42041,Cumberland,PA,$11.20
42043,Dauphin,PA,$11.20
42045,Delaware,PA,$12.45
42047,Elk,PA,$10.34
42049,Erie,PA,$10.93
42051,Fayette,PA,$11.18
42053,Forest,PA,$10.46
42055,Franklin,PA,$10.84
42057,Fulton,PA,$10.34
42059,Greene,PA,$10.77
42061,Huntingdon,PA,$10.34
42063,Indiana,PA,$11.00
42065,Jefferson,PA,$10.51
42067,Juniata,PA,$9.85
42069,Lackawanna,PA,$10.49
42071,Lancaster,PA,$11.69
42073,Lawrence,PA,$10.00
42075,Lebanon,PA,$11.51
42077,Lehigh,PA,$11.77
42079,Luzerne,PA,$10.49
42081,Lycoming,PA,$11.46
42083,McKean,PA,$9.87
42085,Mercer,PA,$10.51
42087,Mifflin,PA,$10.56
42089,Monroe,PA,$11.77
42091,Montgomery,PA,$12.45
42093,Montour,PA,$11.46
42095,Northampton,PA,$11.77
42097,Northumberland,PA,$9.90
42099,Perry,PA,$11.20
42101,Philadelphia,PA,$12.45
42103,Pike,PA,$12.88
42105,Potter,PA,$10.80
42107,Schuylkill,PA,$10.56
42109,Snyder,PA,$10.56
42111,Somerset,PA,$10.60
42113,Sullivan,PA,$10.03
42115,Susquehanna,PA,$10.55
42117,Tioga,PA,$10.12
42119,Union,PA,$10.77
42121,Venango,PA,$10.58
42123,Warren,PA,$10.58
42125,Washington,PA,$11.18
42127,Wayne,PA,$10.95
42129,Westmoreland,PA,$11.18
42131,Wyoming,PA,$10.49
42133,York,PA,$10.95
44001,Bristol,RI,$12.76
44003,Kent,RI,$12.76
44005,Newport,RI,$13.19
44007,Providence,RI,$12.76
44009,Washington,RI,$12.93
45001,Abbeville,SC,$10.76
45003,Aiken,SC,$11.89
45005,Allendale,SC,$10.76
45007,Anderson,SC,$11.08
45009,Bamberg,SC,$11.02
45011,Barnwell,SC,$10.76
45013,Beaufort,SC,$13.18
45015,Berkeley,SC,$12.73
45017,Calhoun,SC,$11.76
45019,Charleston,SC,$12.73
45021,Cherokee,SC,$10.34
45023,Chester,SC,$10.81
45025,Chesterfield,SC,$10.76
45027,Clarendon,SC,$10.76
45029,Colleton,SC,$11.03
45031,Darlington,SC,$10.58
45033,Dillon,SC,$10.76
45035,Dorchester,SC,$12.73
45037,Edgefield,SC,$11.89
45039,Fairfield,SC,$11.76
45041,Florence,SC,$11.30
45043,Georgetown,SC,$11.32
45045,Greenville,SC,$11.50
45047,Greenwood,SC,$10.84
45049,Hampton,SC,$10.76
45051,Horry,SC,$12.57
45053,Jasper,SC,$12.03
45055,Kershaw,SC,$11.42
45057,Lancaster,SC,$10.67
45059,Laurens,SC,$10.91
45061,Lee,SC,$10.76
45063,Lexington,SC,$11.76
45065,McCormick,SC,$10.76
45067,Marion,SC,$11.20
45069,Marlboro,SC,$10.76
45071,Newberry,SC,$11.06
45073,Oconee,SC,$10.79
45075,Orangeburg,SC,$10.93
45077,Pickens,SC,$11.50
45079,Richland,SC,$11.76
45081,Saluda,SC,$11.76
45083,Spartanburg,SC,$10.98
45085,Sumter,SC,$11.42
45087,Union,SC,$10.66
45089,Williamsburg,SC,$10.76
45091,York,SC,$13.10
46003,Aurora,SD,$10.11
46005,Beadle,SD,$10.11
46007,Bennett,SD,$10.11
46009,Bon Homme,SD,$10.11
46011,Brookings,SD,$11.09
46013,Brown,SD,$10.19
46015,Brule,SD,$10.11
46017,Buffalo,SD,$10.20
46019,Butte,SD,$10.27
46021,Campbell,SD,$10.11
46023,Charles Mix,SD,$10.11
46025,Clark,SD,$10.44
46027,Clay,SD,$10.52
46029,Codington,SD,$10.31
46031,Corson,SD,$10.11
46033,Custer,SD,$10.96
46035,Davison,SD,$10.27
46037,Day,SD,$10.11
46039,Deuel,SD,$10.11
46041,Dewey,SD,$10.23
46043,Douglas,SD,$10.35
46045,Edmunds,SD,$10.11
46047,Fall River,SD,$10.13
46049,Faulk,SD,$10.24
46051,Grant,SD,$10.18
46053,Gregory,SD,$10.11
46055,Haakon,SD,$10.59
46057,Hamlin,SD,$10.14
46059,Hand,SD,$10.11
46061,Hanson,SD,$10.11
46063,Harding,SD,$10.11
46065,Hughes,SD,$10.21
46067,Hutchinson,SD,$10.14
46069,Hyde,SD,$10.11
46071,Jackson,SD,$10.11
46073,Jerauld,SD,$10.11
46075,Jones,SD,$10.11
46077,Kingsbury,SD,$10.11
46079,Lake,SD,$10.11
46081,Lawrence,SD,$10.37
46083,Lincoln,SD,$11.06
46085,Lyman,SD,$10.11
46087,McCook,SD,$11.06
46089,McPherson,SD,$10.60
46091,Marshall,SD,$10.11
46093,Meade,SD,$10.41
46095,Mellette,SD,$10.20
46097,Miner,SD,$10.11
46099,Minnehaha,SD,$11.06
46101,Moody,SD,$10.11
46103,Pennington,SD,$10.92
46105,Perkins,SD,$10.11
46107,Potter,SD,$10.11
46109,Roberts,SD,$10.11
46111,Sanborn,SD,$10.11
46113,Shannon,SD,NA
46115,Spink,SD,$10.11
46117,Stanley,SD,$10.64
46119,Sully,SD,$10.11
46121,Todd,SD,$10.11
46123,Tripp,SD,$10.11
46125,Turner,SD,$11.06
46127,Union,SD,$10.50
46129,Walworth,SD,$10.11
46135,Yankton,SD,$10.18
46137,Ziebach,SD,$10.11
47001,Anderson,TN,$10.61
47003,Bedford,TN,$10.53
47005,Benton,TN,$9.89
47007,Bledsoe,TN,$9.89
47009,Blount,TN,$10.61
47011,Bradley,TN,$10.26
47013,Campbell,TN,$9.61
47015,Cannon,TN,$12.34
47017,Carroll,TN,$9.89
47019,Carter,TN,$10.39
47021,Cheatham,TN,$12.34
47023,Chester,TN,$10.16
47025,Claiborne,TN,$9.89
47027,Clay,TN,$9.89
47029,Cocke,TN,$9.89
47031,Coffee,TN,$10.18
47033,Crockett,TN,$9.76
47035,Cumberland,TN,$10.07
47037,Davidson,TN,$12.34
47039,Decatur,TN,$9.89
47041,De Kalb,TN,$9.89
47043,Dickson,TN,$12.34
47045,Dyer,TN,$9.99
47047,Fayette,TN,$11.21
47049,Fentress,TN,$9.89
47051,Franklin,TN,$9.89
47053,Gibson,TN,$9.89
47055,Giles,TN,$9.89
47057,Grainger,TN,$9.69
47059,Greene,TN,$9.99
47061,Grundy,TN,$9.89
47063,Hamblen,TN,$10.27
47065,Hamilton,TN,$10.73
47067,Hancock,TN,$9.89
47069,Hardeman,TN,$9.89
47071,Hardin,TN,$10.14
47073,Hawkins,TN,$10.27
47075,Haywood,TN,$9.81
47077,Henderson,TN,$10.07
47079,Henry,TN,$9.89
47081,Hickman,TN,$10.79
47083,Houston,TN,$9.89
47085,Humphreys,TN,$10.00
47087,Jackson,TN,$9.89
47089,Jefferson,TN,$10.27
47091,Johnson,TN,$9.89
47093,Knox,TN,$10.61
47095,Lake,TN,$9.89
47097,Lauderdale,TN,$9.90
47099,Lawrence,TN,$9.89
47101,Lewis,TN,$9.93
47103,Lincoln,TN,$9.94
47105,Loudon,TN,$10.61
47107,McMinn,TN,$9.89
47109,McNairy,TN,$9.89
47111,Macon,TN,$10.17
47113,Madison,TN,$10.16
47115,Marion,TN,$10.73
47117,Marshall,TN,$10.39
47119,Maury,TN,$11.06
47121,Meigs,TN,$9.89
47123,Monroe,TN,$9.55
47125,Montgomery,TN,$10.59
47127,Moore,TN,$9.89
47129,Morgan,TN,$9.84
47131,Obion,TN,$9.77
47133,Overton,TN,$9.89
47135,Perry,TN,$9.94
47137,Pickett,TN,$9.89
47139,Polk,TN,$10.26
47141,Putnam,TN,$10.42
47143,Rhea,TN,$10.16
47145,Roane,TN,$10.27
47147,Robertson,TN,$12.34
47149,Rutherford,TN,$12.34
47151,Scott,TN,$9.89
47153,Sequatchie,TN,$10.73
47155,Sevier,TN,$10.93
47157,Shelby,TN,$11.21
47159,Smith,TN,$10.28
47161,Stewart,TN,$9.90
47163,Sullivan,TN,$10.27
47165,Sumner,TN,$12.34
47167,Tipton,TN,$11.21
47169,Trousdale,TN,$12.34
47171,Unicoi,TN,$10.39
47173,Union,TN,$10.61
47175,Van Buren,TN,$9.89
47177,Warren,TN,$9.96
47179,Washington,TN,$10.39
47181,Wayne,TN,$9.89
47183,Weakley,TN,$9.69
47185,White,TN,$9.89
47187,Williamson,TN,$12.34
47189,Wilson,TN,$12.34
48001,Anderson,TX,$10.65
48003,Andrews,TX,$12.01
48005,Angelina,TX,$11.40
48007,Aransas,TX,$11.44
48009,Archer,TX,$10.15
48011,Armstrong,TX,$10.52
48013,Atascosa,TX,$10.57
48015,Austin,TX,$11.76
48017,Bailey,TX,$10.34
48019,Bandera,TX,$11.41
48021,Bastrop,TX,$13.01
48023,Baylor,TX,$10.34
48025,Bee,TX,$11.32
48027,Bell,TX,$10.76
48029,Bexar,TX,$11.41
48031,Blanco,TX,$11.05
48033,Borden,TX,$10.59
48035,Bosque,TX,$10.36
48037,Bowie,TX,$10.63
48039,Brazoria,TX,$11.74
48041,Brazos,TX,$11.22
48043,Brewster,TX,$10.78
48045,Briscoe,TX,$10.34
48047,Brooks,TX,$10.34
48049,Brown,TX,$10.15
48051,Burleson,TX,$11.22
48053,Burnet,TX,$11.52
48055,Caldwell,TX,$13.01
48057,Calhoun,TX,$10.99
48059,Callahan,TX,$10.82
48061,Cameron,TX,$10.56
48063,Camp,TX,$10.36
48065,Carson,TX,$10.52
48067,Cass,TX,$9.84
48069,Castro,TX,$10.48
48071,Chambers,TX,$12.22
48073,Cherokee,TX,$10.42
48075,Childress,TX,$10.57
48077,Clay,TX,$10.15
48079,Cochran,TX,$10.34
48081,Coke,TX,$10.34
48083,Coleman,TX,$10.34
48085,Collin,TX,$12.38
48087,Collingsworth,TX,$10.34
48089,Colorado,TX,$10.34
48091,Comal,TX,$11.41
48093,Comanche,TX,$10.34
48095,Concho,TX,$11.55
48097,Cooke,TX,$10.92
48099,Coryell,TX,$10.76
48101,Cottle,TX,$10.92
48103,Crane,TX,$10.34
48105,Crockett,TX,$10.34
48107,Crosby,TX,$11.06
48109,Culberson,TX,$10.34
48111,Dallam,TX,$10.86
48113,Dallas,TX,$12.38
48115,Dawson,TX,$10.34
48117,Deaf Smith,TX,$10.87
48119,Delta,TX,$10.34
48121,Denton,TX,$12.38
48123,De Witt,TX,$10.47
48125,Dickens,TX,$10.34
48127,Dimmit,TX,$10.59
48129,Donley,TX,$10.34
48131,Duval,TX,$10.34
48133,Eastland,TX,$9.92
48135,Ector,TX,$12.01
48137,Edwards,TX,$10.59
48139,Ellis,TX,$12.38
48141,El Paso,TX,$10.40
48143,Erath,TX,$10.98
48145,Falls,TX,$10.09
48147,Fannin,TX,$10.02
48149,Fayette,TX,$10.59
48151,Fisher,TX,$10.34
48153,Floyd,TX,$10.34
48155,Foard,TX,$10.59
48157,Fort Bend,TX,$12.22
48159,Franklin,TX,$10.34
48161,Freestone,TX,$10.34
48163,Frio,TX,$10.80
48165,Gaines,TX,$10.34
48167,Galveston,TX,$12.22
48169,Garza,TX,$10.34
48171,Gillespie,TX,$11.70
48173,Glasscock,TX,$10.59
48175,Goliad,TX,$11.44
48177,Gonzales,TX,$10.39
48179,Gray,TX,$10.70
48181,Grayson,TX,$10.86
48183,Gregg,TX,$10.73
48185,Grimes,TX,$10.34
48187,Guadalupe,TX,$11.41
48189,Hale,TX,$9.84
48191,Hall,TX,$10.34
48193,Hamilton,TX,$10.40
48195,Hansford,TX,$10.53
48197,Hardeman,TX,$10.34
48199,Hardin,TX,$11.14
48201,Harris,TX,$12.22
48203,Harrison,TX,$10.26
48205,Hartley,TX,$10.85
48207,Haskell,TX,$10.34
48209,Hays,TX,$13.01
48211,Hemphill,TX,$10.60
48213,Henderson,TX,$10.78
48215,Hidalgo,TX,$10.71
48217,Hill,TX,$10.07
48219,Hockley,TX,$10.56
48221,Hood,TX,$11.41
48223,Hopkins,TX,$10.57
48225,Houston,TX,$9.89
48227,Howard,TX,$11.24
48229,Hudspeth,TX,$10.51
48231,Hunt,TX,$12.38
48233,Hutchinson,TX,$10.74
48235,Irion,TX,$10.93
48237,Jack,TX,$11.07
48239,Jackson,TX,$10.98
48241,Jasper,TX,$10.77
48243,Jeff Davis,TX,$12.15
48245,Jefferson,TX,$11.14
48247,Jim Hogg,TX,$10.34
48249,Jim Wells,TX,$10.98
48251,Johnson,TX,$11.84
48253,Jones,TX,$10.82
48255,Karnes,TX,$10.19
48257,Kaufman,TX,$12.38
48259,Kendall,TX,$12.14
48261,Kenedy,TX,$10.59
48263,Kent,TX,$10.34
48265,Kerr,TX,$11.60
48267,Kimble,TX,$10.71
48269,King,TX,$11.86
48271,Kinney,TX,$10.87
48273,Kleberg,TX,$10.74
48275,Knox,TX,$10.34
48277,Lamar,TX,$10.63
48279,Lamb,TX,$10.34
48281,Lampasas,TX,$10.48
48283,La Salle,TX,$10.61
48285,Lavaca,TX,$9.95
48287,Lee,TX,$10.94
48289,Leon,TX,$10.34
48291,Liberty,TX,$12.22
48293,Limestone,TX,$10.27
48295,Lipscomb,TX,$10.38
48297,Live Oak,TX,$10.38
48299,Llano,TX,$10.90
48301,Loving,TX,$10.59
48303,Lubbock,TX,$11.06
48305,Lynn,TX,$10.28
48307,McCulloch,TX,$10.61
48309,McLennan,TX,$10.65
48311,McMullen,TX,$10.59
48313,Madison,TX,$10.87
48315,Marion,TX,$10.34
48317,Martin,TX,$10.54
48319,Mason,TX,$11.70
48321,Matagorda,TX,$10.93
48323,Maverick,TX,$10.46
48325,Medina,TX,$10.36
48327,Menard,TX,$10.40
48329,Midland,TX,$13.85
48331,Milam,TX,$10.34
48333,Mills,TX,$10.34
48335,Mitchell,TX,$10.34
48337,Montague,TX,$11.16
48339,Montgomery,TX,$12.22
48341,Moore,TX,$10.57
48343,Morris,TX,$9.84
48345,Motley,TX,$10.34
48347,Nacogdoches,TX,$10.52
48349,Navarro,TX,$10.99
48351,Newton,TX,$10.13
48353,Nolan,TX,$10.34
48355,Nueces,TX,$12.32
48357,Ochiltree,TX,$10.59
48359,Oldham,TX,$10.98
48361,Orange,TX,$11.14
48363,Palo Pinto,TX,$10.38
48365,Panola,TX,$10.49
48367,Parker,TX,$11.84
48369,Parmer,TX,$10.34
48371,Pecos,TX,$10.92
48373,Polk,TX,$10.61
48375,Potter,TX,$10.52
48377,Presidio,TX,$10.34
48379,Rains,TX,$10.48
48381,Randall,TX,$10.52
48383,Reagan,TX,$10.59
48385,Real,TX,$10.60
48387,Red River,TX,$10.34
48389,Reeves,TX,$10.46
48391,Refugio,TX,$10.59
48393,Roberts,TX,$10.59
48395,Robertson,TX,$11.22
48397,Rockwall,TX,$12.38
48399,Runnels,TX,$10.34
48401,Rusk,TX,$10.28
48403,Sabine,TX,$10.34
48405,San Augustine,TX,$10.51
48407,San Jacinto,TX,$10.34
48409,San Patricio,TX,$12.32
48411,San Saba,TX,$10.34
48413,Schleicher,TX,$10.34
48415,Scurry,TX,$11.09
48417,Shackelford,TX,$10.34
48419,Shelby,TX,$10.34
48421,Sherman,TX,$10.34
48423,Smith,TX,$11.76
48425,Somervell,TX,$10.64
48427,Starr,TX,$10.34
48429,Stephens,TX,$10.34
48431,Sterling,TX,$10.59
48433,Stonewall,TX,$10.59
48435,Sutton,TX,$10.34
48437,Swisher,TX,$10.34
48439,Tarrant,TX,$11.84
48441,Taylor,TX,$10.82
48443,Terrell,TX,$11.01
48445,Terry,TX,$10.46
48447,Throckmorton,TX,$10.34
48449,Titus,TX,$10.59
48451,Tom Green,TX,$10.93
48453,Travis,TX,$13.01
48455,Trinity,TX,$10.85
48457,Tyler,TX,$10.38
48459,Upshur,TX,$10.73
48461,Upton,TX,$10.34
48463,Uvalde,TX,$10.80
48465,Val Verde,TX,$10.43
48467,Van Zandt,TX,$10.69
48469,Victoria,TX,$11.44
48471,Walker,TX,$10.79
48473,Waller,TX,$12.22
48475,Ward,TX,$10.48
48477,Washington,TX,$11.51
48479,Webb,TX,$11.25
48481,Wharton,TX,$11.01
48483,Wheeler,TX,$10.34
48485,Wichita,TX,$10.15
48487,Wilbarger,TX,$10.34
48489,Willacy,TX,$10.52
48491,Williamson,TX,$13.01
48493,Wilson,TX,$11.41
48495,Winkler,TX,$10.34
48497,Wise,TX,$11.58
48499,Wood,TX,$10.65
48501,Yoakum,TX,$10.34
48503,Young,TX,$10.34
48505,Zapata,TX,$10.34
48507,Zavala,TX,$10.34
49001,Beaver,UT,$10.53
49003,Box Elder,UT,$10.51
49005,Cache,UT,$10.36
49007,Carbon,UT,$10.68
49009,Daggett,UT,$10.87
49011,Davis,UT,$11.30
49013,Duchesne,UT,$11.05
49015,Emery,UT,$10.53
49017,Garfield,UT,$10.53
49019,Grand,UT,$11.09
49021,Iron,UT,$10.52
49023,Juab,UT,$11.70
49025,Kane,UT,$10.91
49027,Millard,UT,$10.53
49029,Morgan,UT,$11.30
49031,Piute,UT,$10.82
49033,Rich,UT,$10.87
49035,Salt Lake,UT,$12.05
49037,San Juan,UT,$10.53
49039,Sanpete,UT,$10.53
49041,Sevier,UT,$10.53
49043,Summit,UT,$12.39
49045,Tooele,UT,$11.43
49047,Uintah,UT,$11.26
49049,Utah,UT,$11.70
49051,Wasatch,UT,$12.02
49053,Washington,UT,$11.66
49055,Wayne,UT,$10.53
49057,Weber,UT,$11.30
50001,Addison,VT,$12.01
50003,Bennington,VT,$12.41
50005,Caledonia,VT,$12.04
50007,Chittenden,VT,$13.89
50009,Essex,VT,$11.20
50011,Franklin,VT,$13.89
50013,Grand Isle,VT,$13.89
50015,Lamoille,VT,$12.53
50017,Orange,VT,$12.18
50019,Orleans,VT,$11.20
50021,Rutland,VT,$12.46
50023,Washington,VT,$12.50
50025,Windham,VT,$11.88
50027,Windsor,VT,$11.87
51001,Accomack,VA,$11.07
51003,Albemarle,VA,$13.14
51005,Alleghany,VA,$10.68
51007,Amelia,VA,$13.39
51009,Amherst,VA,$11.35
51011,Appomattox,VA,$11.35
51013,Arlington,VA,$16.84
51015,Augusta,VA,$11.86
51017,Bath,VA,$10.71
51019,Bedford,VA,$11.35
51021,Bland,VA,$10.63
51023,Botetourt,VA,$11.01
51025,Brunswick,VA,$11.33
51027,Buchanan,VA,$10.63
51029,Buckingham,VA,$10.91
51031,Campbell,VA,$11.35
51033,Caroline,VA,$13.39
51035,Carroll,VA,$10.63
51036,Charles City,VA,$13.39
51037,Charlotte,VA,$10.63
51041,Chesterfield,VA,$13.39
51043,Clarke,VA,$16.84
51045,Craig,VA,$11.01
51047,Culpeper,VA,$12.70
51049,Cumberland,VA,$11.82
51051,Dickenson,VA,$10.63
51053,Dinwiddie,VA,$13.39
51057,Essex,VA,$11.72
51059,Fairfax,VA,$16.84
51061,Fauquier,VA,$16.84
51063,Floyd,VA,$11.46
51065,Fluvanna,VA,$13.14
51067,Franklin,VA,$10.60
51069,Frederick,VA,$12.27
51071,Giles,VA,$11.00
51073,Gloucester,VA,$13.58
51075,Goochland,VA,$13.39
51077,Grayson,VA,$10.63
51079,Greene,VA,$13.14
51081,Greensville,VA,$11.10
51083,Halifax,VA,$10.63
51085,Hanover,VA,$13.39
51087,Henrico,VA,$13.39
51089,Henry,VA,$11.06
51091,Highland,VA,$10.63
51093,Isle of Wight,VA,$13.58
51095,James City,VA,$13.58
51097,King and Queen,VA,$11.73
51099,King George,VA,$12.27
51101,King William,VA,$13.39
51103,Lancaster,VA,$11.95
51105,Lee,VA,$10.63
51107,Loudoun,VA,$16.84
51109,Louisa,VA,$11.86
51111,Lunenburg,VA,$10.73
51113,Madison,VA,$11.79
51115,Mathews,VA,$13.58
51117,Mecklenburg,VA,$10.79
51119,Middlesex,VA,$12.07
51121,Montgomery,VA,$12.09
51125,Nelson,VA,$13.14
51127,New Kent,VA,$13.39
51131,Northampton,VA,$11.37
51133,Northumberland,VA,$10.89
51135,Nottoway,VA,$10.88
51137,Orange,VA,$11.34
51139,Page,VA,$10.75
51141,Patrick,VA,$10.63
51143,Pittsylvania,VA,$10.63
51145,Powhatan,VA,$13.39
51147,Prince Edward,VA,$11.44
51149,Prince George,VA,$13.39
51153,Prince William,VA,$16.84
51155,Pulaski,VA,$11.46
51157,Rappahannock,VA,$13.00
51159,Richmond,VA,$11.28
51161,Roanoke,VA,$11.01
51163,Rockbridge,VA,$10.92
51165,Rockingham,VA,$11.97
51167,Russell,VA,$10.63
51169,Scott,VA,$10.93
51171,Shenandoah,VA,$11.02
51173,Smyth,VA,$10.63
51175,Southampton,VA,$12.10
51177,Spotsylvania,VA,$16.84
51179,Stafford,VA,$16.84
51181,Surry,VA,$10.71
51183,Sussex,VA,$13.39
51185,Tazewell,VA,$10.65
51187,Warren,VA,$12.24
51191,Washington,VA,$10.93
51193,Westmoreland,VA,$11.26
51195,Wise,VA,$10.68
51197,Wythe,VA,$10.64
51199,York,VA,$13.58
51510,Alexandria City,VA,$16.84
51515,Bedford City,VA,$11.35
51520,Bristol City,VA,$10.93
51530,Buena Vista City,VA,$10.92
51540,Charlottesville City,VA,$13.14
51550,Chesapeake City,VA,$13.58
51560,Clifton Forge City,VA,NA
51570,Colonial Heights Cit,VA,$13.39
51580,Covington City,VA,$10.68
51590,Danville City,VA,$10.63
51595,Emporia City,VA,$11.10
51600,Fairfax City,VA,$16.84
51610,Falls Church City,VA,$16.84
51620,Franklin City,VA,$12.10
51630,Fredericksburg City,VA,$16.84
51640,Galax City,VA,$10.63
51650,Hampton City,VA,$13.58
51660,Harrisonburg City,VA,$11.97
51670,Hopewell City,VA,$13.39
51678,Lexington City,VA,$10.92
51680,Lynchburg City,VA,$11.35
51683,Manassas City,VA,$16.84
51685,Manassas Park City,VA,$16.84
51690,Martinsville City,VA,$11.06
51700,Newport News City,VA,$13.58
51710,Norfolk City,VA,$13.58
51720,Norton City,VA,$10.68
51730,Petersburg City,VA,$13.39
51735,Poquoson City,VA,$13.58
51740,Portsmouth City,VA,$13.58
51750,Radford City,VA,$12.09
51760,Richmond City,VA,$13.39
51770,Roanoke City,VA,$11.01
51775,Salem City,VA,$11.01
51780,South Boston City,VA,NA
51790,Staunton City,VA,$11.86
51800,Suffolk City,VA,$13.58
51810,Virginia Beach City,VA,$13.58
51820,Waynesboro City,VA,$11.86
51830,Williamsburg City,VA,$13.58
51840,Winchester City,VA,$12.27
53001,Adams,WA,$10.82
53003,Asotin,WA,$10.19
53005,Benton,WA,$10.95
53007,Chelan,WA,$11.17
53009,Clallam,WA,$10.98
53011,Clark,WA,$14.22
53013,Columbia,WA,$10.75
53015,Cowlitz,WA,$10.73
53017,Douglas,WA,$11.17
53019,Ferry,WA,$10.15
53021,Franklin,WA,$10.95
53023,Garfield,WA,$9.75
53025,Grant,WA,$10.17
53027,Grays Harbor,WA,$10.25
53029,Island,WA,$12.51
53031,Jefferson,WA,$11.10
53033,King,WA,$16.09
53035,Kitsap,WA,$11.87
53037,Kittitas,WA,$10.79
53039,Klickitat,WA,$11.21
53041,Lewis,WA,$10.62
53043,Lincoln,WA,$9.75
53045,Mason,WA,$11.02
53047,Okanogan,WA,$10.10
53049,Pacific,WA,$10.60
53051,Pend Oreille,WA,$10.01
53053,Pierce,WA,$12.44
53055,San Juan,WA,$12.23
53057,Skagit,WA,$11.19
53059,Skamania,WA,$14.22
53061,Snohomish,WA,$16.09
53063,Spokane,WA,$10.52
53065,Stevens,WA,$9.94
53067,Thurston,WA,$12.74
53069,Wahkiakum,WA,$9.96
53071,Walla Walla,WA,$10.93
53073,Whatcom,WA,$11.69
53075,Whitman,WA,$10.77
53077,Yakima,WA,$10.44
54001,Barbour,WV,$10.43
54003,Berkeley,WV,$11.81
54005,Boone,WV,$9.90
54007,Braxton,WV,$10.60
54009,Brooke,WV,$10.13
54011,Cabell,WV,$10.52
54013,Calhoun,WV,$10.55
54015,Clay,WV,$10.64
54017,Doddridge,WV,$10.32
54019,Fayette,WV,$10.48
54021,Gilmer,WV,$10.60
54023,Grant,WV,$10.61
54025,Greenbrier,WV,$10.94
54027,Hampshire,WV,$11.90
54029,Hancock,WV,$10.13
54031,Hardy,WV,$10.26
54033,Harrison,WV,$11.03
54035,Jackson,WV,$10.60
54037,Jefferson,WV,$12.23
54039,Kanawha,WV,$10.64
54041,Lewis,WV,$10.76
54043,Lincoln,WV,$10.15
54045,Logan,WV,$10.15
54047,McDowell,WV,$10.60
54049,Marion,WV,$10.95
54051,Marshall,WV,$10.78
54053,Mason,WV,$10.60
54055,Mercer,WV,$10.18
54057,Mineral,WV,$10.55
54059,Mingo,WV,$10.47
54061,Monongalia,WV,$11.58
54063,Monroe,WV,$10.55
54065,Morgan,WV,$11.09
54067,Nicholas,WV,$10.55
54069,Ohio,WV,$10.78
54071,Pendleton,WV,$10.45
54073,Pleasants,WV,$10.80
54075,Pocahontas,WV,$10.26
54077,Preston,WV,$11.58
54079,Putnam,WV,$11.12
54081,Raleigh,WV,$11.33
54083,Randolph,WV,$10.50
54085,Ritchie,WV,$10.60
54087,Roane,WV,$10.60
54089,Summers,WV,$10.37
54091,Taylor,WV,$10.60
54093,Tucker,WV,$10.55
54095,Tyler,WV,$10.28
54097,Upshur,WV,$9.96
54099,Wayne,WV,$10.52
54101,Webster,WV,$10.08
54103,Wetzel,WV,$10.33
54105,Wirt,WV,$10.77
54107,Wood,WV,$10.77
54109,Wyoming,WV,$10.55
55001,Adams,WI,$10.70
55003,Ashland,WI,$10.99
55005,Barron,WI,$11.03
55007,Bayfield,WI,$10.87
55009,Brown,WI,$11.41
55011,Buffalo,WI,$10.63
55013,Burnett,WI,$10.52
55015,Calumet,WI,$11.25
55017,Chippewa,WI,$10.95
55019,Clark,WI,$10.51
55021,Columbia,WI,$11.20
55023,Crawford,WI,$10.54
55025,Dane,WI,$12.64
55027,Dodge,WI,$11.45
55029,Door,WI,$11.00
55031,Douglas,WI,$11.65
55033,Dunn,WI,$11.20
55035,Eau Claire,WI,$10.95
55037,Florence,WI,$10.68
55039,Fond du Lac,WI,$11.22
55041,Forest,WI,$10.49
55043,Grant,WI,$11.06
55045,Green,WI,$11.40
55047,Green Lake,WI,$10.49
55049,Iowa,WI,$11.28
55051,Iron,WI,$10.68
55053,Jackson,WI,$10.68
55055,Jefferson,WI,$11.27
55057,Juneau,WI,$10.74
55059,Kenosha,WI,$11.38
55061,Kewaunee,WI,$11.41
55063,La Crosse,WI,$11.02
55065,Lafayette,WI,$10.49
55067,Langlade,WI,$10.99
55069,Lincoln,WI,$10.68
55071,Manitowoc,WI,$10.49
55073,Marathon,WI,$10.80
55075,Marinette,WI,$10.82
55077,Marquette,WI,$10.86
55078,Menominee,WI,$10.68
55079,Milwaukee,WI,$11.62
55081,Monroe,WI,$10.95
55083,Oconto,WI,$11.27
55085,Oneida,WI,$10.83
55087,Outagamie,WI,$11.25
55089,Ozaukee,WI,$11.62
55091,Pepin,WI,$10.49
55093,Pierce,WI,$12.55
55095,Polk,WI,$10.83
55097,Portage,WI,$11.28
55099,Price,WI,$10.68
55101,Racine,WI,$11.18
55103,Richland,WI,$10.49
55105,Rock,WI,$11.53
55107,Rusk,WI,$10.68
55109,St Croix,WI,$12.55
55111,Sauk,WI,$11.39
55113,Sawyer,WI,$10.88
55115,Shawano,WI,$11.06
55117,Sheboygan,WI,$10.60
55119,Taylor,WI,$11.14
55121,Trempealeau,WI,$10.75
55123,Vernon,WI,$10.57
55125,Vilas,WI,$10.87
55127,Walworth,WI,$11.25
55129,Washburn,WI,$11.14
55131,Washington,WI,$11.62
55133,Waukesha,WI,$11.62
55135,Waupaca,WI,$10.79
55137,Waushara,WI,$10.68
55139,Winnebago,WI,$11.10
55141,Wood,WI,$10.56
56001,Albany,WY,$10.70
56003,Big Horn,WY,$10.35
56005,Campbell,WY,$11.68
56007,Carbon,WY,$11.04
56009,Converse,WY,$10.78
56011,Crook,WY,$10.93
56013,Fremont,WY,$10.41
56015,Goshen,WY,$10.75
56017,Hot Springs,WY,$10.26
56019,Johnson,WY,$11.48
56021,Laramie,WY,$11.24
56023,Lincoln,WY,$11.07
56025,Natrona,WY,$10.91
56027,Niobrara,WY,$10.35
56029,Park,WY,$11.06
56031,Platte,WY,$10.35
56033,Sheridan,WY,$11.20
56035,Sublette,WY,$10.84
56037,Sweetwater,WY,$11.06
56039,Teton,WY,$12.77
56041,Uinta,WY,$10.44
56043,Washakie,WY,$10.35
56045,Weston,WY,$10.97
60010,Unknown,AS,NA
60020,Manua,AS,NA
60020,Ofu,AS,NA
60020,Olosega,AS,NA
60050,Tutuila,AS,NA
66010,Cocos Island,MP,NA
66010,Guam,GU,NA
69100,Rota,MP,NA
69110,Saipan,MP,NA
69120,Aguijan,MP,NA
69120,Tinian,MP,NA
72001,Adjuntas,PR,NA
72003,Aguada,PR,NA
72005,Aguadilla,PR,NA
72007,Aguas Buenas,PR,NA
72009,Aibonito,PR,NA
72011,Anasco,PR,NA
72013,Arecibo,PR,NA
72015,Arroyo,PR,NA
72017,Barceloneta,PR,NA
72019,Barranquitas,PR,NA
72021,Bayamon,PR,NA
72023,Cabo Rojo,PR,NA
72025,Caguas,PR,NA
72027,Camuy,PR,NA
72029,Canovanas,PR,NA
72031,Carolina,PR,NA
72033,Catano,PR,NA
72035,Cayey,PR,NA
72037,Ceiba,PR,NA
72041,Cidra,PR,NA
72043,Coamo,PR,NA
72045,Comerio,PR,NA
72047,Corozal,PR,NA
72049,Culebra,PR,NA
72051,Dorado,PR,NA
72053,Fajardo,PR,NA
72054,Florida,PR,NA
72055,Guanica,PR,NA
72057,Guayama,PR,NA
72059,Guayanilla,PR,NA
72061,Guaynabo,PR,NA
72063,Gurabo,PR,NA
72065,Hatillo,PR,NA
72067,Hormigueros,PR,NA
72071,Isabela,PR,NA
72073,Jayuya,PR,NA
72075,Juana Diaz,PR,NA
72077,Juncos,PR,NA
72079,Lajas,PR,NA
72081,Lares,PR,NA
72083,Las Marias,PR,NA
72085,Las Piedras,PR,NA
72087,Loiza,PR,NA
72089,Luquillo,PR,NA
72091,Manati,PR,NA
72093,Maricao,PR,NA
72095,Maunabo,PR,NA
72097,Mayaguez,PR,NA
72099,Moca,PR,NA
72101,Morovis,PR,NA
72103,Nabuabo,PR,NA
72105,Naranjito,PR,NA
72107,Orocovis,PR,NA
72109,Patillas,PR,NA
72111,Penuelas,PR,NA
72113,Ponce,PR,NA
72115,Quebradillas,PR,NA
72117,Rincon,PR,NA
72119,Rio Grande,PR,NA
72121,Sabana Grande,PR,NA
72123,Salinas,PR,NA
72125,San German,PR,NA
72127,San Juan,PR,NA
72129,San Lorenzo,PR,NA
72131,San Sabastian,PR,NA
72133,Santa Isabel,PR,NA
72135,Toa Alta,PR,NA
72137,Toa Baja,PR,NA
72139,Trujillo Alto,PR,NA
72141,Utuado,PR,NA
72143,Vega Alta,PR,NA
72145,Vega Baja,PR,NA
72147,Vieques,PR,NA
72149,Villalba,PR,NA
72151,Yabucoa,PR,NA
72153,Yauco,PR,NA
78010,St. Croix,VI,NA
78020,St. John,VI,NA
78030,St. Thomas,VI,NA
NA,NA,NA,NA
NA,NA,NA,NA
NA,NA,NA,NA
NA,NA,NA,NA
